0001,23.10.2009,12,15,20,36,38,06,Mapula/Suikerbossie,P1/PB4
0002,27.10.2009,05,15,17,31,37,03,Mapula/Suikerbossie,P2/PB2
0003,30.10.2009,11,14,16,30,31,08,Ndyebokazi/Khensani,P3/PB2
0004,03.11.2009,18,24,27,36,40,11,Ndyebokazi/Khensani,P1/PB3
0005,06.11.2009,10,17,23,31,42,19,Ndyebokazi/Khensani,P3/PB3
0006,10.11.2009,12,20,22,28,33,14,Ndyebokazi/Khensani,P2/PB1
0007,13.11.2009,32,35,38,39,43,19,Ndyebokazi/Khensani,P3/PB4
0008,17.11.2009,01,09,23,41,43,03,Mapula/Suikerbossie,P1/PB3
0009,20.11.2009,12,16,28,42,44,04,Ndyebokazi/Khensani,P4/PB1
0010,24.11.2009,01,18,19,32,42,09,Mapula/Suikerbossie,P1/PB4
0011,27.11.2009,12,18,31,37,45,16,Ndyebokazi/Khensani,P4/PB3
0012,01.12.2009,05,08,25,41,45,13,Mapula/Suikerbossie,P1/PB1
0013,04.12.2009,17,23,27,38,43,04,Ndyebokazi/Khensani,P4/PB2
0014,08.12.2009,13,16,37,39,42,07,Mapula/Suikerbossie,P3/PB1
0015,11.12.2009,10,20,22,23,35,17,Ndyebokazi/Khensani,P2/PB3
0016,15.12.2009,07,29,31,32,39,13,Mapula/Suikerbossie,P1/PB1
0017,18.12.2009,05,08,11,28,34,15,Ndyebokazi/Khensani,P2/PB3
0018,22.12.2009,02,14,27,39,42,10,Mapula/Suikerbossie,P1/PB3
0019,29.12.2009,18,27,32,38,42,20,Ndyebokazi/Khensani,P2/PB4
0020,01.01.2010,17,21,24,32,37,10,Ndyebokazi/Khensani,P3/PB4
0021,05.01.2010,01,08,31,43,44,11,Ndyebokazi/Khensani,P1/PB3
0022,08.01.2010,06,15,27,39,45,19,Mapula/Suikerbossie,P4/PB1
0023,12.01.2010,10,11,18,30,35,07,Ndyebokazi/Khensani,P2/PB2
0024,15.01.2010,01,05,21,42,44,08,Mapula/Suikerbossie,P1/PB4
0025,19.01.2010,10,16,18,21,38,18,Ndyebokazi/Khensani,P4/PB4
0026,22.01.2010,07,11,18,19,34,07,Mapula/Suikerbossie,P1/PB3
0027,26.01.2010,02,03,15,21,36,19,Mapula/Suikerbossie,P4/PB2
0028,29.01.2010,02,06,39,42,43,03,Mapula/Suikerbossie,P1/PB1
0029,02.02.2010,07,25,33,38,42,08,Ndyebokazi/Khensani,P2/PB2
0030,05.02.2010,01,08,21,29,39,20,Ndyebokazi/Khensani,P1/PB1
0031,09.02.2010,10,18,26,36,45,19,Ndyebokazi/Khensani,P2/PB3
0032,12.02.2010,06,32,36,38,45,01,Ndyebokazi/Khensani,P3/PB2
0033,16.02.2010,22,23,30,33,44,09,Ndyebokazi/Khensani,P4/PB4
0034,19.02.2010,07,08,10,22,35,04,Ndyebokazi/Khensani,P1/PB3
0035,23.02.2010,04,12,18,34,41,14,Ndyebokazi/Khensani,P4/PB1
0036,26.02.2010,04,09,14,23,37,08,Ndyebokazi/Khensani,P3/PB3
0037,02.03.2010,01,12,15,36,43,06,Ndyebokazi/Khensani,P1/PB4
0038,05.03.2010,10,11,12,22,38,10,Mapula/Suikerbossie,P1/PB3
0039,09.03.2010,03,06,11,28,45,15,Mapula/Suikerbossie,P2/PB2
0040,12.03.2010,08,14,18,22,28,10,Mapula/Suikerbossie,P5/PB4
0041,16.03.2010,16,32,40,42,45,16,Mapula/Suikerbossie,P5/PB1
0042,19.03.2010,07,11,33,44,45,03,Ndyebokazi/Khensani,P1/PB3
0043,23.03.2010,01,06,09,10,15,11,Mapula/Suikerbossie,P4/PB4
0044,26.03.2010,25,30,33,36,44,15,Mapula/Suikerbossie,P1/PB2
0045,30.03.2010,09,27,30,35,42,17,Ndyebokazi/Khensani,P3/PB4
0046,06.04.2010,02,13,19,38,42,16,Ndyebokazi/Khensani,P1/PB3
0047,09.04.2010,02,16,27,30,31,15,Mapula/Suikerbossie,P3/PB4
0048,13.04.2010,15,18,28,42,45,05,Mapula/Suikerbossie,P1/PB3
0049,16.04.2010,07,19,21,37,40,18,Mapula/Suikerbossie,P3/PB1
0050,20.04.2010,07,20,26,32,39,03,Ndyebokazi/Khensani,P5/PB4
0051,23.04.2010,12,18,43,44,45,05,Mapula/Suikerbossie,P3/PB2
0052,27.04.2010,13,14,23,24,27,01,Mapula/Suikerbossie,P5/PB3
0053,30.04.2010,01,11,30,35,44,15,Mapula/Suikerbossie,P3/PB1
0054,04.05.2010,09,17,28,36,43,04,Mapula/Suikerbossie,P5/PB3
0055,07.05.2010,10,18,25,26,34,15,Ndyebokazi/Khensani,P5/PB4
0056,11.05.2010,04,14,17,42,44,13,Ndyebokazi/Khensani,P5/PB2
0057,14.05.2010,06,08,15,32,42,07,Ndyebokazi/Khensani,P5/PB1
0058,18.05.2010,06,17,25,29,42,06,Ndyebokazi/Khensani,P1/PB3
0059,21.05.2010,02,14,25,30,40,02,Mapula/Suikerbossie,P4/PB3
0060,25.05.2010,04,15,21,30,32,08,Ndyebokazi/Khensani,P1/PB4
0061,28.05.2010,02,09,24,26,42,02,Ndyebokazi/Khensani,P1/PB5
0062,01.06.2010,02,05,12,23,45,15,Ndyebokazi/Khensani,P2/PB2
0063,04.06.2010,01,16,20,27,33,13,Mapula/Suikerbossie,P4/PB3
0064,08.06.2010,07,08,23,30,39,06,Ndyebokazi/Khensani,P2/PB4
0065,11.06.2010,12,14,18,23,42,13,Ndyebokazi/Khensani,P4/PB2
0066,15.06.2010,13,25,34,40,41,07,Mapula/Suikerbossie,P1/PB5
0067,18.06.2010,06,08,09,11,22,15,Mapula/Suikerbossie,P2/PB1
0068,22.06.2010,16,23,36,40,45,19,Mapula/Suikerbossie,P4/PB3
0069,25.06.2010,13,23,31,40,42,11,Mapula/Suikerbossie,P2/PB2
0070,29.06.2010,05,08,09,23,35,09,Ndyebokazi/Khensani,P4/PB4
0071,02.07.2010,02,06,07,09,31,07,Ndyebokazi/Khensani,P2/PB2
0072,06.07.2010,07,08,21,39,41,09,Ndyebokazi/Khensani,P4/PB4
0073,09.07.2010,12,15,18,20,25,13,Ndyebokazi/Khensani,P3/PB1
0074,13.07.2010,05,11,13,20,30,15,Mapula/Suikerbossie,P5/PB3
0075,16.07.2010,13,20,42,44,45,12,Ndyebokazi/Khensani,P2/PB1
0076,20.07.2010,01,21,27,32,36,09,Mapula/Suikerbossie,P3/PB5
0077,23.07.2010,18,23,24,33,37,15,Ndyebokazi/Khensani,P5/PB5
0078,27.07.2010,02,07,19,24,30,20,Mapula/Suikerbossie,P1/PB3
0079,30.07.2010,02,09,21,25,37,12,Mapula/Suikerbossie,P1/PB1
0080,03.08.2010,01,06,15,35,44,20,Mapula/Suikerbossie,P3/PB3
0081,06.08.2010,01,03,13,22,29,18,Ndyebokazi/Khensani,P3/PB2
0082,10.08.2010,09,19,31,33,45,16,Ndyebokazi/Khensani,P5/PB4
0083,13.08.2010,08,09,10,31,39,12,Mapula/Suikerbossie,P2/PB2
0084,17.08.2010,11,17,30,35,45,20,Mapula/Suikerbossie,P1/PB4
0085,20.08.2010,15,21,24,32,44,11,Mapula/Suikerbossie,P1/PB4
0086,24.08.2010,06,23,27,33,44,16,Mapula/Suikerbossie,P3/PB5
0087,27.08.2010,07,08,26,36,42,20,Ndyebokazi/Khensani,P5/PB2
0088,31.08.2010,12,27,37,41,44,20,Mapula/Suikerbossie,P4/PB1
0089,03.09.2010,12,17,37,41,43,08,Ndyebokazi/Khensani,P2/PB5
0090,07.09.2010,03,25,37,42,44,10,Mapula/Suikerbossie,P4/PB3
0091,10.09.2010,01,17,19,33,38,01,Mapula/Suikerbossie,P5/PB4
0092,14.09.2010,03,23,29,33,40,02,Ndyebokazi/Khensani,P1/PB1
0093,17.09.2010,02,19,28,42,44,05,Ndyebokazi/Khensani,P3/PB1
0094,21.09.2010,31,33,36,40,42,13,Ndyebokazi/Khensani,P5/PB2
0095,24.09.2010,01,05,10,16,19,08,Ndyebokazi/Khensani,P3/PB5
0096,28.09.2010,01,03,04,05,40,15,Ndyebokazi/Khensani,P4/PB3
0097,01.10.2010,16,22,28,30,31,20,Mapula/Suikerbossie,P3/PB5
0098,05.10.2010,03,15,25,32,38,04,Mapula/Suikerbossie,P4/PB3
0099,08.10.2010,03,07,16,21,40,03,Ndyebokazi/Khensani,P2/PB4
0100,12.10.2010,01,17,18,19,44,14,Ndyebokazi/Khensani,P1/PB3
0101,15.10.2010,04,14,26,34,44,12,Ndyebokazi/Khensani,P3/PB2
0102,19.10.2010,09,11,17,35,38,16,Mapula/Suikerbossie,P2/PB5
0103,22.10.2010,10,15,16,22,36,01,Mapula/Suikerbossie,P5/PB3
0104,26.10.2010,13,28,32,35,36,08,Ndyebokazi/Khensani,P4/PB2
0105,29.10.2010,10,31,32,39,45,10,Ndyebokazi/Khensani,P2/PB5
0106,02.11.2010,12,13,21,22,29,09,Ndyebokazi/Khensani,P3/PB3
0107,05.11.2010,01,04,25,26,32,10,Ndyebokazi/Khensani,P4/PB1
0108,09.11.2010,06,22,29,35,45,08,Mapula/Suikerbossie,P1/PB1
0109,12.11.2010,04,08,11,16,40,17,Mapula/Suikerbossie,P5/PB4
0110,16.11.2010,04,28,32,38,40,02,Ndyebokazi/Khensani,P1/PB5
0111,19.11.2010,01,17,19,26,32,04,Mapula/Suikerbossie,P4/PB5
0112,23.11.2010,02,09,10,33,43,06,Mapula/Suikerbossie,P5/PB3
0113,26.11.2010,12,17,22,25,34,19,Ndyebokazi/Khensani,P4/PB5
0114,30.11.2010,03,06,11,12,25,09,Mapula/Suikerbossie,P5/PB1
0115,03.12.2010,19,24,37,43,45,10,Mapula/Suikerbossie,P2/PB4
0116,07.12.2010,12,28,30,44,45,09,Ndyebokazi/Khensani,P2/PB3
0117,10.12.2010,06,13,18,24,41,07,Ndyebokazi/Khensani,P4/PB4
0118,14.12.2010,12,30,31,32,35,04,Ndyebokazi/Khensani,P1/PB4
0119,17.12.2010,01,07,08,17,30,17,Mapula/Suikerbossie,P3/PB1
0120,21.12.2010,19,25,31,39,40,14,Ndyebokazi/Khensani,P4/PB4
0121,24.12.2010,26,30,31,33,40,03,Mapula/Suikerbossie,P5/PB2
0122,28.12.2010,05,06,07,09,17,11,Mapula/Suikerbossie,P1/PB3
0123,31.12.2010,03,21,23,32,35,07,Ndyebokazi/Khensani,P3/PB5
0124,04.01.2011,02,12,18,30,38,10,Mapula/Suikerbossie,P1/PB4
0125,07.01.2011,09,12,26,29,34,12,Ndyebokazi/Khensani,P1/PB3
0126,11.01.2011,14,15,22,27,37,07,Mapula/Suikerbossie,P4/PB5
0127,14.01.2011,08,16,21,36,42,04,Mapula/Suikerbossie,P5/PB4
0128,18.01.2011,05,10,36,41,44,18,Ndyebokazi/Khensani,P5/PB5
0129,21.01.2011,06,13,18,19,22,10,Mapula/Suikerbossie,P4/PB4
0130,25.01.2011,03,09,12,18,38,09,Mapula/Suikerbossie,P2/PB1
0131,28.01.2011,05,09,11,22,37,07,Ndyebokazi/Khensani,P3/PB3
0132,01.02.2011,02,05,29,39,41,07,Mapula/Suikerbossie,P4/PB3
0133,04.02.2011,11,12,16,31,37,03,Ndyebokazi/Khensani,P3/PB2
0134,08.02.2011,14,20,22,34,35,08,Mapula/Suikerbossie,P2/PB5
0135,11.02.2011,14,25,27,31,34,10,Ndyebokazi/Khensani,P5/PB4
0136,15.02.2011,01,17,23,41,42,17,Mapula/Suikerbossie,P3/PB3
0137,18.02.2011,02,07,12,17,31,17,Mapula/Suikerbossie,P1/PB4
0138,22.02.2011,04,10,12,33,35,16,Ndyebokazi/Khensani,P2/PB2
0139,25.02.2011,03,24,31,37,41,02,Ndyebokazi/Khensani,P4/PB3
0140,01.03.2011,01,07,24,28,37,15,Ndyebokazi/Khensani,P5/PB1
0141,04.03.2011,07,13,18,34,44,20,Ndyebokazi/Khensani,P3/PB5
0142,08.03.2011,17,21,31,34,41,04,Ndyebokazi/Khensani,P2/PB4
0143,11.03.2011,05,34,39,43,45,08,Mapula/Suikerbossie,P5/PB3
0144,15.03.2011,12,22,32,36,43,10,Ndyebokazi/Khensani,P3/PB5
0145,18.03.2011,08,28,36,40,42,04,Mapula/Suikerbossie,P1/PB4
0146,22.03.2011,08,15,24,39,41,08,Mapula/Suikerbossie,P1/PB3
0147,25.03.2011,13,16,25,36,39,08,Mapula/Suikerbossie,P2/PB1
0148,29.03.2011,03,15,17,24,38,13,Mapula/Suikerbossie,P4/PB2
0149,01.04.2011,01,12,23,36,42,18,Nalakazi/Suriya,P3/PB2
0150,05.04.2011,16,23,25,33,34,09,Mapula/Suikerbossie,P1/PB2
0151,08.04.2011,01,14,37,39,40,03,Mapula/Suikerbossie,P2/PB1
0152,12.04.2011,07,20,27,35,37,10,Mapula/Suikerbossie,P4/PB1
0153,15.04.2011,08,15,18,25,37,05,Mapula/Suikerbossie,P5/PB4
0154,19.04.2011,08,14,15,16,38,02,Ndyebokazi/Khensani,P4/PB3
0155,26.04.2011,12,16,25,37,45,07,Ndyebokazi/Khensani,P3/PB3
0156,29.04.2011,01,15,39,41,45,07,Mapula/Suikerbossie,P4/PB1
0157,03.05.2011,08,10,11,33,34,17,Mapula/Suikerbossie,P4/PB3
0158,06.05.2011,04,09,20,38,45,02,Ndyebokazi/Khensani,P1/PB2
0159,10.05.2011,01,17,31,41,43,01,Mapula/Suikerbossie,P2/PB4
0160,13.05.2011,04,10,11,32,38,06,Mapula/Suikerbossie,P5/PB5
0161,17.05.2011,13,16,24,26,27,10,Ndyebokazi/Khensani,P1/PB1
0162,20.05.2011,03,07,10,31,42,06,Mapula/Suikerbossie,P2/PB4
0163,24.05.2011,13,16,21,41,45,18,Mapula/Suikerbossie,P3/PB5
0164,27.05.2011,07,16,22,34,45,17,Mapula/Suikerbossie,P5/PB4
0165,31.05.2011,07,08,13,33,35,17,Ndyebokazi/Khensani,P1/PB2
0166,03.06.2011,06,30,31,33,36,16,Ndyebokazi/Khensani,P3/PB1
0167,07.06.2011,10,16,24,32,35,07,Mapula/Suikerbossie,P2/PB2
0168,10.06.2011,13,24,26,30,42,16,Ndyebokazi/Khensani,P4/PB2
0169,14.06.2011,11,16,34,39,40,11,Ndyebokazi/Khensani,P2/PB4
0170,17.06.2011,15,23,33,44,45,06,Ndyebokazi/Khensani,P5/PB3
0171,21.06.2011,02,08,28,30,35,13,Mapula/Suikerbossie,P5/PB5
0172,24.06.2011,06,18,28,31,36,20,Ndyebokazi/Khensani,P1/PB3
0173,28.06.2011,02,16,25,37,41,12,Mapula/Suikerbossie,P2/PB1
0174,01.07.2011,02,09,31,35,37,04,Mapula/Suikerbossie,P5/PB3
0175,05.07.2011,02,30,31,34,42,05,Mapula/Suikerbossie,P1/PB5
0176,08.07.2011,05,22,30,32,33,18,Mapula/Suikerbossie,P3/PB1
0177,12.07.2011,10,16,28,34,45,06,Ndyebokazi/Khensani,P5/PB4
0178,15.07.2011,09,16,19,24,28,19,Ndyebokazi/Khensani,P1/PB5
0179,19.07.2011,02,14,15,18,29,20,Mapula/Suikerbossie,P4/PB3
0180,22.07.2011,13,22,25,26,35,13,Mapula/Suikerbossie,P2/PB4
0181,26.07.2011,18,26,28,34,36,03,Mapula/Suikerbossie,P3/PB1
0182,29.07.2011,07,12,23,40,42,02,Ndyebokazi/Khensani,P5/PB3
0183,02.08.2011,03,09,16,27,31,13,Ndyebokazi/Khensani,P2/PB5
0184,05.08.2011,05,09,10,21,44,10,Mapula/Suikerbossie,P3/PB2
0185,09.08.2011,31,37,38,43,45,15,Mapula/Suikerbossie,P4/PB2
0186,12.08.2011,02,08,39,41,43,16,Mapula/Suikerbossie,P1/PB4
0187,16.08.2011,03,10,16,21,22,09,Mapula/Suikerbossie,P5/PB3
0188,19.08.2011,05,14,19,21,28,11,Ndyebokazi/Khensani,P4/PB5
0189,23.08.2011,04,17,20,22,31,13,Ndyebokazi/Khensani,P2/PB2
0190,26.08.2011,10,18,20,36,39,13,Ndyebokazi/Khensani,P1/PB3
0191,30.08.2011,04,05,19,37,38,15,Ndyebokazi/Khensani,P5/PB2
0192,02.09.2011,15,25,34,43,45,01,Ndyebokazi/Khensani,P3/PB4
0193,06.09.2011,01,02,05,30,40,03,Mapula/Suikerbossie,P4/PB5
0194,09.09.2011,10,18,23,36,40,04,Mapula/Suikerbossie,P3/PB1
0195,13.09.2011,05,11,17,28,44,20,Ndyebokazi/Khensani,P2/PB3
0196,16.09.2011,02,03,04,28,38,20,Mapula/Suikerbossie,P1/PB4
0197,20.09.2011,08,10,23,31,38,08,Ndyebokazi/Khensani,P3/PB5
0198,23.09.2011,05,22,24,25,27,05,Mapula/Suikerbossie,P4/PB3
0199,27.09.2011,01,07,08,22,40,18,Mapula/Suikerbossie,P1/PB1
0200,30.09.2011,11,21,24,28,35,17,Ndyebokazi/Khensani,P3/PB3
0201,04.10.2011,08,10,26,40,42,04,Mapula/Suikerbossie,P4/PB2
0202,07.10.2011,33,36,38,40,44,04,Mapula/Suikerbossie,P5/PB1
0203,11.10.2011,08,10,24,39,43,08,Ndyebokazi/Khensani,P1/PB5
0204,14.10.2011,15,20,21,31,35,05,Ndyebokazi/Khensani,P3/PB3
0205,18.10.2011,02,08,12,15,32,13,Mapula/Suikerbossie,P2/PB2
0206,21.10.2011,02,16,23,39,42,09,Ndyebokazi/Khensani,P5/PB4
0207,25.10.2011,11,12,20,35,38,01,Ndyebokazi/Khensani,P5/PB4
0208,28.10.2011,03,15,36,37,41,06,Mapula/Suikerbossie,P1/PB2
0209,01.11.2011,13,23,34,39,43,07,Mapula/Suikerbossie,P2/PB1
0210,04.11.2011,09,25,31,34,42,10,Ndyebokazi/Khensani,P5/PB5
0211,08.11.2011,08,10,11,15,45,20,Mapula/Suikerbossie,P3/PB3
0212,11.11.2011,01,06,07,10,35,14,Mapula/Suikerbossie,P4/PB1
0213,15.11.2011,08,18,30,38,44,05,Mapula/Suikerbossie,P5/PB5
0214,18.11.2011,09,24,36,37,45,14,Ndyebokazi/Khensani,P1/PB1
0215,22.11.2011,05,24,29,34,44,18,Mapula/Suikerbossie,P1/PB2
0216,25.11.2011,23,26,29,41,44,14,Ndyebokazi/Khensani,P3/PB4
0217,29.11.2011,12,27,28,32,34,05,Ndyebokazi/Khensani,P3/PB1
0218,02.12.2011,05,06,25,38,40,16,Mapula/Suikerbossie,P2/PB3
0219,06.12.2011,06,15,16,28,41,01,Ndyebokazi/Khensani,P4/PB2
0220,09.12.2011,01,03,18,36,37,11,Ndyebokazi/Khensani,P5/PB3
0221,13.12.2011,14,16,22,32,35,13,Mapula/Suikerbossie,P4/PB1
0222,16.12.2011,14,26,28,33,45,11,Ndyebokazi/Khensani,P2/PB2
0223,20.12.2011,20,21,25,37,40,05,Mapula/Suikerbossie,P5/PB3
0224,23.12.2011,07,13,21,22,40,20,Mapula/Suikerbossie,P4/PB1
0225,27.12.2011,10,12,17,24,26,03,Ndyebokazi/Khensani,P1/PB5
0226,30.12.2011,11,15,20,33,37,16,Ndyebokazi/Khensani,P3/PB4
0227,03.01.2012,03,05,08,17,41,06,Mapula/Suikerbossie,P5/PB2
0228,06.01.2012,01,21,29,32,34,20,Ndyebokazi/Khensani,P2/PB3
0229,10.01.2012,18,20,24,26,40,13,Ndyebokazi/Khensani,P1/PB4
0230,13.01.2012,15,20,23,25,40,10,Ndyebokazi/Khensani,P4/PB1
0231,17.01.2012,13,19,26,43,45,09,Ndyebokazi/Khensani,P5/PB4
0232,20.01.2012,10,15,22,29,35,18,Mapula/Suikerbossie,P2/PB3
0233,24.01.2012,04,07,11,26,36,05,Mapula/Suikerbossie,P3/PB4
0234,27.01.2012,02,07,28,36,39,05,Mapula/Suikerbossie,P4/PB5
0235,31.01.2012,12,15,25,32,41,15,Mapula/Suikerbossie,P1/PB3
0236,03.02.2012,07,09,14,15,43,15,Mapula/Suikerbossie,P4/PB5
0237,07.02.2012,02,11,14,38,45,13,Ndyebokazi/Khensani,P5/PB4
0238,10.02.2012,06,19,23,29,35,03,Ndyebokazi/Khensani,P3/PB1
0239,14.02.2012,20,30,31,32,44,17,Ndyebokazi/Khensani,P4/PB4
0240,17.02.2012,08,26,31,38,45,07,Ndyebokazi/Khensani,P5/PB2
0241,21.02.2012,25,27,28,32,43,18,Mapula/Suikerbossie,P2/PB5
0242,24.02.2012,17,21,26,40,45,15,Mapula/Suikerbossie,P2/PB2
0243,28.02.2012,16,24,26,32,45,01,Ndyebokazi/Khensani,P1/PB4
0244,02.03.2012,13,24,41,43,45,19,Mapula/Suikerbossie,P5/PB3
0245,06.03.2012,01,35,36,37,45,07,Ndyebokazi/Khensani,P4/PB3
0246,09.03.2012,02,21,22,29,40,11,Ndyebokazi/Khensani,P8/PB7
0247,13.03.2012,03,06,26,32,37,04,Ndyebokazi/Khensani,P6/PB8
0248,16.03.2012,14,18,37,41,44,03,Mapula/Suikerbossie,P7/PB6
0249,20.03.2012,09,14,21,28,44,12,Ndyebokazi/Khensani,P9/PB5
0250,23.03.2012,06,15,23,39,45,19,Mapula/Suikerbossie,P7/PB6
0251,27.03.2012,08,11,23,44,45,02,Ndyebokazi/Khensani,P3/PB1
0252,30.03.2012,03,05,10,18,39,18,Mapula/Suikerbossie,P6/PB7
0253,03.04.2012,04,11,12,17,42,15,Mapula/Suikerbossie,P7/PB7
0254,10.04.2012,13,28,30,41,43,11,Ndyebokazi/Khensani,P2/PB8
0255,13.04.2012,02,09,23,43,44,17,Mapula/Suikerbossie,P8/PB2
0256,17.04.2012,14,15,29,30,34,07,Ndyebokazi/Khensani,P6/PB1
0257,20.04.2012,13,20,24,25,29,11,Ndyebokazi/Khensani,P1/PB4
0258,24.04.2012,03,05,22,31,45,05,Mapula/Suikerbossie,P3/PB8
0259,27.04.2012,04,06,12,23,38,18,Mapula/Suikerbossie,P10/PB3,
0260,01.05.2012,12,17,24,30,36,14,Ndyebokazi/Khensani,P10/PB5,
0261,04.05.2012,01,06,16,34,40,18,Mapula/Suikerbossie,P10/PB2,
0262,08.05.2012,04,09,10,16,20,04,Mapula/Suikerbossie,P8/PB6
0263,11.05.2012,06,07,17,20,23,17,Mapula/Suikerbossie,P9/PB3
0264,15.05.2012,04,07,08,19,25,12,Ndyebokazi/Khensani,P6/PB7
0265,18.05.2012,02,14,20,32,36,01,Mapula/Suikerbossie,P5/PB1
0266,22.05.2012,01,03,22,31,38,11,Mapula/Suikerbossie,P3/PB2
0267,25.05.2012,01,09,19,26,32,17,Ndyebokazi/Khensani,P2/PB4
0268,29.05.2012,02,06,08,30,44,10,Ndyebokazi/Khensani,P9/PB6
0269,01.06.2012,09,12,15,28,32,14,Ndyebokazi/Khensani,P1/PB8
0270,05.06.2012,09,10,26,32,33,07,Mapula/Suikerbossie,P8/PB9
0271,08.06.2012,14,15,32,36,40,07,Mapula/Suikerbossie,P9/PB5
0272,12.06.2012,02,16,22,36,43,19,Mapula/Suikerbossie,P7/PB9
0273,15.06.2012,02,21,22,24,41,17,Mapula/Suikerbossie,P10/PB10
0274,19.06.2012,12,21,27,36,45,17,Ndyebokazi/Khensani,P2/PB7
0275,22.06.2012,03,07,17,21,27,02,Mapula/Suikerbossie,P2/PB2
0276,26.06.2012,02,17,22,39,44,20,Mapula/Suikerbossie,P1/PB4
0277,29.06.2012,02,04,06,19,31,20,Ndyebokazi/Khensani,P3/PB5
0278,03.07.2012,16,19,37,38,39,13,Ndyebokazi/Khensani,P4/PB6
0279,06.07.2012,03,10,12,34,36,17,Ndyebokazi/Khensani,P10/PB8,
0280,10.07.2012,08,09,15,23,36,11,Ndyebokazi/Khensani,P5/PB3
0281,13.07.2012,04,11,16,27,38,17,Mapula/Suikerbossie,P8/PB1
0282,17.07.2012,01,04,20,23,34,16,Ndyebokazi/Khensani,P1/PB2
0283,20.07.2012,05,20,24,33,41,03,Ndyebokazi/Khensani,P3/PB3
0284,24.07.2012,02,05,07,15,21,06,Ndyebokazi/Khensani,P10/PB4,
0285,27.07.2012,06,08,15,18,38,15,Mapula/Suikerbossie,P5/PB6
0286,31.07.2012,07,14,23,27,32,20,Mapula/Suikerbossie,P4/PB5
0287,03.08.2012,02,10,22,35,41,16,Mapula/Suikerbossie,P8/PB1
0288,07.08.2012,13,20,21,26,44,08,Ndyebokazi/Khensani,P3/PB10,
0289,10.08.2012,02,09,26,27,45,01,Ndyebokazi/Khensani,P1/PB8
0290,14.08.2012,05,21,26,28,33,19,Mapula/Suikerbossie,P2/PB1
0291,17.08.2012,13,15,19,40,42,12,Mapula/Suikerbossie,P3/PB3
0292,21.08.2012,14,16,19,38,43,03,Ndyebokazi/Khensani,P5/PB5
0293,24.08.2012,03,09,14,24,26,03,Ndyebokazi/Khensani,P4/PB7
0294,28.08.2012,01,07,08,11,40,01,Ndyebokazi/Khensani,P2/PB4
0295,31.08.2012,05,07,09,20,29,20,Ndyebokazi/Khensani,P4/PB1
0296,04.09.2012,06,15,19,30,45,14,Ndyebokazi/Khensani,P8/PB6
0297,07.09.2012,09,14,17,34,41,17,Ndyebokazi/Khensani,P10/PB8,
0298,11.09.2012,13,32,34,36,45,10,Ndyebokazi/Khensani,P1/PB10,
0299,14.09.2012,15,18,26,33,41,07,Ndyebokazi/Khensani,P8/PB2
0300,18.09.2012,01,27,37,40,42,16,Mapula/Suikerbossie,P6/PB7
0301,21.09.2012,13,16,24,39,43,04,Mapula/Suikerbossie,P5/PB3
0302,25.09.2012,02,28,32,34,45,17,Mapula/Suikerbossie,P2/PB2
0303,28.09.2012,01,06,07,40,41,17,Ndyebokazi/Khensani,P10/PB5,
0304,02.10.2012,11,18,23,31,45,13,Mapula/Suikerbossie,P9/PB6
0305,05.10.2012,01,09,11,39,40,18,Ndyebokazi/Khensani,P4/PB10,
0306,09.10.2012,03,05,06,22,26,17,Ndyebokazi/Khensani,P5/PB9
0307,12.10.2012,05,10,17,35,41,16,Mapula/Suikerbossie,P3/PB3
0308,16.10.2012,07,09,11,29,41,08,Ndyebokazi/Khensani,P1/PB4
0309,19.10.2012,14,17,23,35,39,03,Mapula/Suikerbossie,P7/PB4
0310,23.10.2012,08,23,24,31,42,06,Mapula/Suikerbossie,P3/PB1
0311,26.10.2012,01,08,12,19,34,18,Mapula/Suikerbossie,P2/PB2
0312,30.10.2012,05,16,20,41,42,20,Mapula/Suikerbossie,P5/PB6
0313,02.11.2012,04,11,25,26,41,12,Mapula/Suikerbossie,P8/PB5
0314,06.11.2012,09,17,18,37,41,09,Ndyebokazi/Khensani,P9/PB8
0315,09.11.2012,07,14,17,27,40,16,Mapula/Suikerbossie,P6/PB9
0316,13.11.2012,05,07,13,18,19,08,Mapula/Suikerbossie,P4/PB7
0317,16.11.2012,01,04,06,14,15,12,Mapula/Suikerbossie,P1/PB10,
0318,20.11.2012,03,17,26,28,33,01,Ndyebokazi/Khensani,P7/PB2
0319,23.11.2012,05,33,34,37,42,05,Ndyebokazi/Khensani,P10/PB3,
0320,27.11.2012,09,17,30,34,44,18,Ndyebokazi/Khensani,P4/PB1
0321,30.11.2012,06,25,33,42,44,14,Mapula/Suikerbossie,P5/PB5
0322,04.12.2012,05,11,20,34,45,20,Ndyebokazi/Khensani,P2/PB6
0323,07.12.2012,04,17,33,42,45,10,Mapula/Suikerbossie,P8/PB5
0324,11.12.2012,11,16,25,28,33,01,Mapula/Suikerbossie,P6/PB9
0325,14.12.2012,05,13,20,29,35,14,Mapula/Khensani,P7/PB5
0326,18.12.2012,13,34,36,37,39,16,Mapula/Khensani,P3/PB1
0327,21.12.2012,13,14,19,23,37,03,Mapula/Suikerbossie,P10/PB7,
0328,28.12.2012,01,12,14,32,36,16,Khensani/Ndyebokazi,P1/PB8
0329,01.01.2013,01,04,13,21,30,18,Mapula/Suikerbossie,P1/PB8
0330,04.01.2013,10,18,21,38,44,04,Mapula/Suikerbossie,P9/PB10,
0331,08.01.2013,08,11,12,23,24,16,Khensani/Ndyebokazi,P4/PB8
0332,11.01.2013,01,04,14,20,33,04,Khensani/Ndyebokazi,P10/PB9,
0333,15.01.2013,12,17,22,36,37,02,Khensani/Ndyebokazi,P9/PB6
0334,18.01.2013,13,19,29,35,39,11,Mapula/Suikerbossie,P7/PB7
0335,22.01.2013,03,10,11,28,31,16,Suikerbossie/Mapula,P5/PB4
0336,25.01.2013,07,15,20,23,25,12,Khensani/Ndyebokazi,P4/PB6
0337,29.01.2013,09,21,29,37,38,14,Khensani/Ndyebokazi,P3/PB10,
0338,01.02.2013,23,27,32,43,44,20,Khensani/Ndyebokazi,P8/PB3
0339,05.02.2013,05,18,22,28,29,20,Suikerbossie/Mapula,P5/PB9
0340,08.02.2013,22,25,36,38,44,03,Suikerbossie/Mapula,P9/PB7
0341,12.02.2013,02,20,38,39,45,05,Suikerbossie/Mapula,P8/PB3
0342,15.02.2013,03,13,26,28,34,03,Suikerbossie/Mapula,P1/PB4
0343,19.02.2013,01,05,06,31,42,20,Khensani/Ndyebokazi,P6/PB2
0344,22.02.2013,04,16,28,32,42,19,Suikerbossie/Mapula,P10/PB1,
0345,26.02.2013,01,07,14,21,32,07,Suikerbossie/Mapula,P6/PB4
0346,01.03.2013,13,30,33,35,45,03,Suikerbossie/Mapula,P6/PB2
0347,05.03.2013,09,12,22,26,38,04,Khensani/Ndyebokazi,P3/PB10,
0348,08.03.2013,08,19,24,34,37,15,Suikerbossie/Mapula,P1/PB5
0349,12.03.2013,01,06,26,35,42,06,Suikerbossie/Mapula,P7/PB3
0350,15.03.2013,22,23,29,35,38,07,Suikerbossie/Mapula,P4/PB4
0351,19.03.2013,05,07,11,25,35,18,Suikerbossie/Mapula,P5/PB7
0352,22.03.2013,01,05,07,09,14,15,Khensani/Ndyebokazi,P4/PB5
0353,26.03.2013,01,18,31,37,40,13,Suikerbossie/Mapula,P1/PB3
0354,02.04.2013,04,06,08,11,13,13,Khensani/Ndyebokazi,P5/PB7
0355,05.04.2013,04,09,17,22,23,06,Suikerbossie/Mapula,P7/PB4
0356,09.04.2013,08,09,20,38,39,19,Suikerbossie/Mapula,P1/PB1
0357,12.04.2013,05,12,36,37,40,07,Khensani/Ndyebokazi,P3/PB8
0358,16.04.2013,08,12,29,32,44,19,Khensani/Ndyebokazi,P8/PB6
0359,19.04.2013,10,13,26,28,39,02,Khensani/Ndyebokazi,P4/PB4
0360,23.04.2013,08,12,15,21,26,17,Khensani/Ndyebokazi,P9/PB6
0361,26.04.2013,13,16,30,43,44,09,Khensani/Ndyebokazi,P10/PB9,
0362,30.04.2013,12,24,28,31,32,02,Khensani/Ndyebokazi,P8/PB10,
0363,03.05.2013,10,19,21,27,40,03,Khensani/Ndyebokazi,P10/PB9,
0364,07.05.2013,04,05,21,37,38,06,Suikerbossie/Mapula,P5/PB5
0365,10.05.2013,02,04,16,18,26,05,Suikerbossie/Mapula,P1/PB8
0366,14.05.2013,01,13,19,29,37,01,Suikerbossie/Mapula,P1/PB3
0367,17.05.2013,13,19,20,22,43,02,Suikerbossie/Mapula,P4/PB1
0368,21.05.2013,10,11,17,37,44,18,Suikerbossie/Mapula,P3/PB6
0369,24.05.2013,03,10,15,30,38,03,Suikerbossie/Mapula,P5/PB7
0370,28.05.2013,25,26,29,31,34,14,Suikerbossie/Mapula,P7/PB9
0371,31.05.2013,03,07,19,34,44,02,Suikerbossie/Mapula,P10/PB1,
0372,04.06.2013,17,25,28,34,40,12,Suikerbossie/Mapula,P8/PB9
0373,07.06.2013,14,15,19,35,38,04,Suikerbossie/Mapula,P3/PB3
0374,11.06.2013,06,17,22,34,36,20,Khensani/Ndyebokazi,P7/PB4
0375,14.06.2013,15,23,31,32,35,09,Suikerbossie/Mapula,P5/PB5
0376,18.06.2013,01,05,13,14,16,03,Khensani/Ndyebokazi,P10/PB10
0377,21.06.2013,07,26,35,36,42,18,Suikerbossie/Mapula,P4/PB1
0378,25.06.2013,02,06,18,30,34,12,Khensani/Ndyebokazi,P9/PB6
0379,28.06.2013,03,09,27,32,41,01,Khensani/Ndyebokazi,P10/PB7,
0380,02.07.2013,07,12,13,18,20,01,Suikerbossie/Mapula,P8/PB6
0381,05.07.2013,06,25,26,42,44,12,Khensani/Ndyebokazi,P9/PB8
0382,09.07.2013,01,06,26,30,37,10,Suikerbossie/Mapula,P3/PB1
0383,12.07.2013,07,15,30,33,43,12,Khensani/Ndyebokazi,P9/PB3
0384,16.07.2013,05,07,08,31,37,18,Khensani/Ndyebokazi,P4/PB1
0385,19.07.2013,06,12,28,33,42,16,Suikerbossie/Mapula,P1/PB3
0386,23.07.2013,06,08,12,19,36,06,Suikerbossie/Mapula,P5/PB4
0387,26.07.2013,01,05,08,21,30,16,Suikerbossie/Mapula,P8/PB5
0388,30.07.2013,03,04,05,20,44,09,Khensani/Ndyebokazi,P7/PB6
0389,02.08.2013,01,02,13,29,34,18,Khensani/Ndyebokazi,P8/PB2
0390,06.08.2013,10,12,25,37,41,03,Suikerbossie/Mapula,P5/PB6
0391,09.08.2013,10,22,23,31,45,16,Suikerbossie/Mapula,P10/PB8,
0392,13.08.2013,12,15,32,42,44,16,Suikerbossie/Mapula,P9/PB9
0393,16.08.2013,13,15,18,21,45,09,Suikerbossie/Mapula,P4/PB10,
0394,20.08.2013,10,18,35,41,43,16,Suikerbossie/Mapula,P1/PB8
0395,23.08.2013,03,10,22,25,27,03,Khensani/Ndyebokazi,P6/PB10,
0396,27.08.2013,04,23,24,35,43,20,Suikerbossie/Mapula,P4/PB2
0397,30.08.2013,09,13,17,38,41,01,Khensani/Ndyebokazi,P10/PB3,
0398,03.09.2013,17,28,32,33,36,14,Khensani/Ndyebokazi,P9/PB5
0399,06.09.2013,15,16,24,29,40,10,Khensani/Ndyebokazi,P1/PB10,
0400,10.09.2013,06,13,16,22,32,01,Suikerbossie/Mapula,P7/PB7
0401,13.09.2013,08,19,27,30,40,18,Suikerbossie/Mapula,P4/PB3
0402,17.09.2013,11,18,22,27,29,11,Suikerbossie/Mapula,P7/PB4
0403,20.09.2013,15,22,29,30,38,13,Suikerbossie/Mapula,P9/PB4
0404,24.09.2013,06,23,25,26,43,02,Khensani/Ndyebokazi,P10/PB2,
0405,27.09.2013,06,13,21,28,31,03,Khensani/Ndyebokazi,P6/PB4
0406,01.10.2013,01,19,24,35,37,07,Khensani/Ndyebokazi,P5/PB8
0407,04.10.2013,03,07,11,24,28,12,Suikerbossie/Mapula,P8/PB5
0408,08.10.2013,31,39,42,43,45,10,Suikerbossie/Mapula,P7/PB6
0409,11.10.2013,16,18,20,29,36,14,Khensani/Ndyebokazi,P5/PB9
0410,15.10.2013,27,32,35,41,45,05,Suikerbossie/Mapula,P9/PB7
0411,18.10.2013,01,17,19,20,34,01,Suikerbossie/Mapula,P6/PB2
0412,22.10.2013,09,15,19,24,30,20,Suikerbossie/Mapula,P1/PB7
0413,25.10.2013,08,24,27,28,35,12,Suikerbossie/Mapula,P9/PB3
0414,29.10.2013,06,16,35,36,43,18,Suikerbossie/Mapula,P8/PB8
0415,01.11.2013,06,15,16,37,44,06,Suikerbossie/Mapula,P10/PB7,
0416,05.11.2013,12,26,32,42,43,10,Khensani/Ndyebokazi,P8/PB10,
0417,08.11.2013,11,20,22,30,43,06,Suikerbossie/Mapula,P6/PB9
0418,12.11.2013,02,15,22,33,35,16,Khensani/Ndyebokazi,P4/PB5
0419,15.11.2013,03,31,35,37,45,04,Khensani/Ndyebokazi,P6/PB3
0420,19.11.2013,13,19,20,24,26,04,Khensani/Ndyebokazi,P1/PB4
0421,22.11.2013,11,15,16,20,31,09,Khensani/Ndyebokazi,P7/PB9
0422,26.11.2013,05,16,19,33,34,02,Suikerbossie/Mapula,P3/PB2
0423,29.11.2013,11,12,17,18,27,13,Suikerbossie/Mapula,P1/PB5
0424,03.12.2013,12,17,26,27,30,01,Khensani/Ndyebokazi,P5/PB6
0425,06.12.2013,13,15,21,28,31,19,Khensani/Ndyebokazi,P6/PB4
0426,10.12.2013,01,16,21,31,37,18,Khensani/Mapula,P4/PB7
0427,13.12.2013,01,11,18,30,41,15,Khensani/Ndyebokazi,P9/PB3
0428,17.12.2013,02,07,11,26,33,06,Suikerbossie/Mapula,P8/PB8
0429,20.12.2013,10,12,16,28,37,10,Suikerbossie/Mapula,P1/PB10,
0430,24.12.2013,01,16,23,41,44,09,Khensani/Ndyebokazi,P10/PB6,
0431,27.12.2013,04,16,19,34,39,16,Suikerbossie/Mapula,P7/PB8
0432,31.12.2013,06,14,20,31,34,12,Suikerbossie/Mapula,P3/PB9
0433,03.01.2014,10,11,19,23,28,03,Suikerbossie/Mapula,P4/PB7
0434,07.01.2014,28,37,39,43,44,18,Suikerbossie/Mapula,P6/PB5
0435,10.01.2014,04,07,24,36,39,07,Khensani/Ndyebokazi,P5/PB5
0436,14.01.2014,31,31,37,42,43,08,Suikerbossie/Mapula,P8/PB4
0437,17.01.2014,10,16,23,26,33,01,Suikerbossie/Mapula,P10/PB10
0438,21.01.2014,01,06,09,15,39,09,Suikerbossie/Mapula,P7/PB3
0439,24.01.2014,10,15,20,33,38,07,Suikerbossie/Mapula,P1/PB9
0440,28.01.2014,01,08,22,40,43,13,Suikerbossie/Mapula,P4/PB6
0441,31.01.2014,10,20,25,26,42,14,Khensani/Ndyebokazi,P9/PB3
0442,04.02.2014,04,20,21,29,40,10,Khensani/Ndyebokazi,P3/PB4
0443,07.02.2014,07,13,20,21,36,09,Suikerbossie/Mapula,P7/PB3
0444,11.02.2014,03,07,10,13,40,05,Khensani/Ndyebokazi,P1/PB7
0445,14.02.2014,06,09,18,21,24,08,Khensani/Ndyebokazi,P6/PB9
0446,18.02.2014,02,26,36,42,43,03,Suikerbossie/Mapula,P8/PB5
0447,21.02.2014,02,08,19,38,44,11,Khensani/Ndyebokazi,P10/PB10
0448,25.02.2014,04,07,12,27,44,17,Suikerbossie/Mapula,P7/PB4
0449,28.02.2014,11,14,32,42,45,18,Suikerbossie/Mapula,P9/PB6
0450,04.03.2014,02,07,26,28,30,04,Suikerbossie/Mapula,P6/PB9
0451,07.03.2014,16,18,22,37,38,03,Suikerbossie/Mapula,P5/PB7
0452,11.03.2014,09,19,21,25,37,16,Suikerbossie/Mapula,P10/PB9,
0453,14.03.2014,03,15,29,34,44,07,Suikerbossie/Mapula,P8/PB8
0454,18.03.2014,01,13,17,32,35,13,Khensani/Ndyebokazi,P3/PB10,
0455,21.03.2014,07,08,14,18,38,14,Khensani/Ndyebokazi,P9/PB7
0456,25.03.2014,02,17,19,29,34,03,Suikerbossie/Mapula,P4/PB8
0457,28.03.2014,02,03,07,35,41,16,Khensani/Ndyebokazi,P5/PB5
0458,01.04.2014,14,17,24,27,34,04,Khensani/Ndyebokazi,P4/PB7
0459,04.04.2014,03,16,22,24,44,15,Suikerbossie/Mapula,P6/PB6
0460,08.04.2014,01,02,10,33,45,18,Suikerbossie/Mapula,P6/PB10,
0461,11.04.2014,17,23,33,41,42,18,Khensani/Ndyebokazi,P1/PB2
0462,15.04.2014,02,06,10,11,37,14,Suikerbossie/Mapula,P3/PB7
0463,22.04.2014,03,22,28,30,42,11,Khensani/Ndyebokazi,P1/PB3
0464,25.04.2014,13,15,28,29,30,07,Suikerbossie/Mapula,P8/PB9
0465,29.04.2014,12,20,31,40,44,14,Suikerbossie/Mapula,P7/PB4
0466,02.05.2014,11,14,24,36,41,11,Suikerbossie/Mapula,P9/PB5
0467,06.05.2014,04,15,26,37,40,20,Suikerbossie/Mapula,P6/PB6
0468,09.05.2014,01,05,22,26,34,16,Suikerbossie/Mapula,P5/PB7
0469,13.05.2014,01,04,20,24,38,20,Suikerbossie/Mapula,P4/PB5
0470,16.05.2014,08,22,25,34,37,05,Khensani/Ndyebokazi,P3/PB8
0471,20.05.2014,03,08,21,35,45,07,Khensani/Mapula,P7/PB3
0472,23.05.2014,12,22,40,42,43,12,Suikerbossie/Mapula,P10/PB2,
0473,27.05.2014,04,11,24,26,31,10,Khensani/Ndyebokazi,P6/PB5
0474,30.05.2014,01,03,35,40,43,17,Khensani/Ndyebokazi,P8/PB6
0475,03.06.2014,23,28,30,41,43,12,Suikerbossie/Mapula,P5/PB5
0476,06.06.2014,04,10,16,29,42,11,Suikerbossie/Mapula,P10/PB8,
0477,10.06.2014,11,15,24,28,35,13,Khensani/Ndyebokazi,P4/PB4
0478,13.06.2014,12,18,21,27,34,10,Suikerbossie/Mapula,P6/PB3
0479,17.06.2014,02,03,07,19,25,11,Suikerbossie/Mapula,P3/PB4
0480,20.06.2014,25,27,36,37,39,04,Khensani/Ndyebokazi,P1/PB10,
0481,24.06.2014,04,05,06,12,30,16,Suikerbossie/Mapula,P6/PB2
0482,27.06.2014,11,12,14,30,32,02,Suikerbossie/Mapula,P9/PB4
0483,01.07.2014,01,10,19,21,31,11,Khensani/Ndyebokazi,P4/PB6
0484,04.07.2014,04,19,25,31,36,03,Khensani/Ndyebokazi,P5/PB2
0485,08.07.2014,12,19,27,37,43,09,Khensani/Ndyebokazi,P8/PB7
0486,11.07.2014,06,13,27,33,35,15,Khensani/Ndyebokazi,P7/PB10,
0487,15.07.2014,22,24,29,36,43,13,Suikerbossie/Mapula,P5/PB8
0488,18.07.2014,14,17,19,22,35,17,Suikerbossie/Mapula,P1/PB6
0489,22.07.2014,09,21,27,39,43,03,Suikerbossie/Mapula,P10/PB3,
0490,25.07.2014,09,13,28,40,45,12,Suikerbossie/Mapula,P9/PB7
0491,29.07.2014,01,09,23,29,42,13,Suikerbossie/Mapula,P7/PB9
0492,01.08.2014,07,14,15,35,39,04,Suikerbossie/Mapula,P3/PB10,
0493,05.08.2014,14,32,35,37,40,03,Suikerbossie/Mapula,P8/PB9
0494,08.08.2014,10,23,35,37,39,12,Khensani/Ndyebokazi,P1/PB8
0495,12.08.2014,10,17,26,29,31,04,Suikerbossie/Mapula,P4/PB4
0496,15.08.2014,19,31,40,41,43,13,Suikerbossie/Mapula,P9/PB2
0497,19.08.2014,06,18,22,26,35,05,Khensani/Ndyebokazi,P3/PB9
0498,22.08.2014,05,08,21,34,35,07,Khensani/Ndyebokazi,P4/PB3
0499,26.08.2014,04,12,28,29,36,03,Khensani/Ndyebokazi,P8/PB5
0500,29.08.2014,15,23,30,41,43,13,Khensani/Ndyebokazi,P10/PB6,
0501,02.09.2014,11,21,36,39,44,02,Suikerbossie/Mapula,P4/PB7
0502,05.09.2014,01,08,24,33,43,11,Khensani/Mapula,P1/PB2
0503,09.09.2014,02,04,18,19,29,06,Suikerbossie/Mapula,P7/PB6
0504,12.09.2014,03,21,26,27,36,18,Suikerbossie/Mapula,P8/PB4
0505,16.09.2014,07,12,28,43,44,08,Suikerbossie/Mapula,P7/PB5
0506,19.09.2014,09,13,25,28,34,03,Suikerbossie/Mapula,P6/PB10,
0507,23.09.2014,07,10,21,22,34,03,Khensani/Ndyebokazi,P7/PB7
0508,26.09.2014,01,03,06,34,37,01,Khensani/Ndyebokazi,P7/PB9
0509,30.09.2014,18,27,37,39,41,06,Khensani/Ndyebokazi,P6/PB2
0510,03.10.2014,20,34,38,42,43,13,Suikerbossie/Mapula,P9/PB9
0511,07.10.2014,06,11,20,36,45,12,Khensani/Ndyebokazi,P6/PB8
0512,10.10.2014,04,09,14,17,26,02,Suikerbossie/Mapula,P5/PB4
0513,14.10.2014,07,21,38,39,43,05,Khensani/Ndyebokazi,P9/PB8
0514,17.10.2014,06,17,22,27,35,07,Suikerbossie/Mapula,P1/PB6
0515,21.10.2014,26,28,30,31,32,18,Suikerbossie/Mapula,P10/PB5,
0516,24.10.2014,07,21,31,37,44,10,Suikerbossie/Mapula,P4/PB9
0517,28.10.2014,09,10,17,23,33,18,Khensani/Ndyebokazi,P1/PB10,
0518,31.10.2014,04,16,21,35,36,06,Suikerbossie/Mapula,P8/PB4
0519,04.11.2014,12,17,19,24,36,11,Suikerbossie/Mapula,P5/PB9
0520,07.11.2014,08,14,33,41,44,09,Suikerbossie/Mapula,P4/PB2
0521,11.11.2014,03,04,18,22,40,07,Khensani/Ndyebokazi,P10/PB10
0522,14.11.2014,03,14,27,29,45,19,Khensani/Ndyebokazi,P9/PB5
0523,18.11.2014,15,18,22,24,41,01,Suikerbossie/Mapula,P1/PB8
0524,21.11.2014,07,10,12,32,40,14,Suikerbossie/Mapula,P8/PB8
0525,25.11.2014,08,19,24,37,40,07,Suikerbossie/Mapula,P5/PB7
0526,28.11.2014,21,28,33,40,43,10,Suikerbossie/Mapula,P5/PB7
0527,02.12.2014,19,25,26,40,43,12,Suikerbossie/Mapula,P4/PB10,
0528,05.12.2014,14,20,26,28,39,12,Khensani/Ndyebokazi,P6/PB2
0529,09.12.2014,13,22,35,36,43,15,Khensani/Ndyebokazi,P4/PB2
0530,12.12.2014,26,33,34,36,38,02,Suikerbossie/Mapula,P9/PB10,
0531,16.12.2014,09,10,11,15,34,02,Khensani/Ndyebokazi,P10/PB2,
0532,19.12.2014,07,09,10,29,45,07,Khensani/Ndyebokazi,P6/PB8
0533,23.12.2014,02,25,31,32,36,03,Khensani/Ndyebokazi,P3/PB7
0534,26.12.2014,10,12,13,30,45,11,Khensani/Ndyebokazi,P5/PB5
0535,30.12.2014,08,15,25,31,40,13,Suikerbossie/Mapula,P4/PB6
0536,02.01.2015,01,14,21,41,43,16,Khensani/Ndyebokazi,P8/PB9
0537,06.01.2015,02,09,14,18,20,20,Suikerbossie/Mapula,P5/PB7
0538,09.01.2015,02,13,15,17,31,05,Khensani/Ndyebokazi,P7/PB8
0539,13.01.2015,03,09,15,18,35,17,Suikerbossie/Mapula,P4/PB9
0540,16.01.2015,05,07,14,29,42,04,Suikerbossie/Mapula,P1/PB5
0541,20.01.2015,03,04,23,31,35,05,Suikerbossie/Mapula,P4/PB2
0542,23.01.2015,01,08,11,29,34,13,Suikerbossie/Mapula,P1/PB8
0543,27.01.2015,12,26,28,31,35,13,Khensani/Ndyebokazi,P5/PB5
0544,30.01.2015,04,23,25,43,45,17,Suikerbossie/Mapula,P7/PB4
0545,03.02.2015,11,12,25,41,42,20,Khensani/Ndyebokazi,P8/PB7
0546,06.02.2015,17,23,36,38,42,02,Khensani/Ndyebokazi,P7/PB10,
0547,10.02.2015,10,20,27,31,33,06,Suikerbossie/Mapula,P8/PB5
0548,13.02.2015,06,11,20,27,37,20,Suikerbossie/Mapula,P6/PB2
0549,17.02.2015,01,05,09,18,40,17,Khensani/Ndyebokazi,P1/PB10,
0550,20.02.2015,02,11,12,19,40,12,Khensani/Ndyebokazi,P6/PB7
0551,24.02.2015,13,14,18,25,39,20,Suikerbossie/Mapula,P7/PB9
0552,27.02.2015,04,09,27,31,41,11,Suikerbossie/Mapula,P3/PB9
0553,03.03.2015,01,27,30,33,38,09,Suikerbossie/Mapula,P5/PB4
0554,06.03.2015,10,21,23,25,45,09,Suikerbossie/Mapula,P1/PB8
0555,10.03.2015,24,26,27,31,33,18,Suikerbossie/Mapula,P6/PB9
0556,13.03.2015,18,19,20,22,43,06,Khensani/Ndyebokazi,P4/PB10,
0557,00.00.0000,18,19,20,22,43,06,Khensani/Ndyebokazi,P4/PB10,
0558,17.03.2015,12,15,26,34,41,16,Suikerbossie/Mapula,P9/PB6
0559,24.03.2015,05,17,21,25,36,16,Khensani/Ndyebokazi,P6/PB7
0560,27.03.2015,08,23,33,35,40,17,Suikerbossie/Mapula,P1/PB4
0561,31.03.2015,05,06,20,26,27,15,Suikerbossie/Mapula,P3/PB7
0562,07.04.2015,05,16,22,24,40,07,Khensani/Ndyebokazi,P8/PB10,
0563,10.04.2015,12,13,17,22,28,18,Suikerbossie/Mapula,P10/PB2,
0564,14.04.2015,20,22,23,29,33,19,Khensani/Ndyebokazi,P10/PB7,
0565,17.04.2015,05,06,26,31,41,16,Khensani/Ndyebokazi,P4/PB8
0566,21.04.2015,07,09,22,28,35,15,Suikerbossie/Mapula,P7/PB7
0567,24.04.2015,04,13,20,31,38,01,Khensani/Ndyebokazi,P3/PB2
0568,28.04.2015,11,27,37,39,44,03,Khensani/Ndyebokazi,P4/PB8
0569,01.05.2015,04,08,20,35,45,16,Khensani/Ndyebokazi,P10/PB5,
0570,05.05.2015,04,08,18,22,38,15,Suikerbossie/Mapula,P5/PB8
0571,08.05.2015,02,22,37,38,43,15,Khensani/Ndyebokazi,P3/PB2
0572,12.05.2015,18,21,24,28,41,15,Suikerbossie/Mapula,P1/PB8
0573,15.05.2015,08,26,40,44,45,07,Suikerbossie/Mapula,P5/PB4
0574,19.05.2015,03,21,25,26,36,01,Suikerbossie/Mapula,P4/PB5
0575,22.05.2015,09,31,32,40,41,10,Suikerbossie/Mapula,P10/PB2,
0576,26.05.2015,12,13,20,31,36,19,Suikerbossie/Mapula,P3/PB4
0577,29.05.2015,04,12,17,25,29,05,Suikerbossie/Mapula,P4/PB5
0578,02.06.2015,06,08,11,19,22,17,IMAGINE/Unknown,Unk/PB3,
0579,05.06.2015,05,09,21,25,35,04,INSPIRE/Unknown,Unk/PB2,
0580,09.06.2015,02,08,16,18,30,12,IMAGINE/Unknown,Unk/PB3,
0581,12.06.2015,21,26,28,30,44,10,INSPIRE/Unknown,Unk/PB2,
0582,16.06.2015,10,13,15,22,30,01,WISH/UnknownUnk/PB3,
0583,19.06.2015,01,22,29,34,35,15,WISH/UnknownUnk/PB3,
0584,23.06.2015,04,11,19,24,42,06,Fire/UnknownUnk/PB3,
0585,26.06.2015,11,12,24,27,32,20,INSPIRE/Unknown,P2/Unknown
0586,30.06.2015,12,15,25,39,44,19,WISH/UnknownP3/Unknown
0587,03.07.2015,02,09,19,24,26,14,INSPIRE/Unknown,P2/Unk
0588,07.07.2015,11,16,20,22,38,05,IMAGINE/WISHP2/PB2
0589,10.07.2015,10,11,14,19,34,14,INSPIRE/DREAM,P3/PB3
0590,14.07.2015,08,12,15,25,36,10,IMAGINE/WISHP3/PB3
0591,17.07.2015,08,23,24,42,44,04,VISION/JOYL3/L2,
0592,21.07.2015,04,18,19,21,29,17,IMAGINE/WISHP3/PB3
0593,24.07.2015,12,34,35,38,39,03,IMAGINE/WISHP3/PB3
0594,28.07.2015,06,21,23,36,43,18,WISH/INSPIREP3/PB3
0595,31.07.2015,04,09,28,35,38,14,WISH/ImagineP2/PB2
0596,04.08.2015,04,07,08,26,36,13,IMAGINE/DREAM,P2/PB2
0597,07.08.2015,09,10,19,28,45,12,IMAGINE/WISHP2/PB2
0598,11.08.2015,11,14,20,24,44,16,WISH/INSPIREP2/PB2
0599,14.08.2015,02,17,26,32,43,11,DELIGHT/WISHP2/PB2
0600,18.08.2015,06,20,30,40,43,13,DREAM/INSPIRE,P4/PB4
0601,21.08.2015,08,14,23,26,45,01,DELIGHT/WISHP5/PB5
0602,25.08.2015,02,11,19,20,31,10,WISH/DREAMP4/PB4
0603,28.08.2015,10,16,18,20,31,17,DELIGHT/INSPIRE,P5/PB5
0604,01.09.2015,23,30,31,44,45,07,WISH/DREAMP2/PB2
0605,04.09.2015,01,25,29,43,44,13,WISH/DelightP2/PB2
0606,08.09.2015,01,12,13,14,23,20,DELIGHT/DREAM,P4/PB4
0607,11.09.2015,02,06,22,23,41,09,INSPIRE/WISHP5/PB5
0608,15.09.2015,05,19,21,42,43,17,INSPIRE/DREAM,P2/PB2
0609,18.09.2015,05,17,25,40,45,06,WISH/INSPIREP5/PB5
0610,22.09.2015,02,21,22,25,31,19,INSPIRE/Delight,P3/PB3
0611,25.09.2015,14,20,21,26,32,12,DELIGHT/DREAM,P4/PB4
0612,29.09.2015,10,11,12,24,35,19,DREAM/WISHP5/PB5
0613,02.10.2015,06,09,14,32,43,01,WISH/INSPIREP5/PB5
0614,06.10.2015,24,35,38,42,44,09,INSPIRE/DREAM,P2/PB2
0615,09.10.2015,14,17,32,41,43,05,WISH/DREAMP3/PB3
0616,13.10.2015,07,11,14,23,34,03,INSPIRE/WISHP3/PB3
0617,16.10.2015,28,34,41,42,45,08,INSPIRE/WISHP2/PB2
0618,20.10.2015,13,14,17,35,44,06,DREAM/WISHP4/PB4
0619,23.10.2015,01,05,27,33,37,10,DREAM/WISHP2/PB2
0620,27.10.2015,05,13,18,27,41,03,DREAM/WISHP5/PB5
0621,30.10.2015,03,06,18,40,44,12,DELIGHT/WISHP3/PB3
0622,03.11.2015,01,07,10,37,45,03,DELIGHT/INSPIRE,P2/PB2
0623,06.11.2015,19,24,30,40,42,10,INSPIRE/WISHP3/PB3
0624,10.11.2015,06,21,22,28,43,02,DREAM/WISHP3/PB3
0625,13.11.2015,02,11,16,31,45,20,INSPIRE/Delight,P4/PB4
0626,17.11.2015,17,29,35,38,40,13,DELIGHT/WISHP3/PB3
0627,20.11.2015,10,16,29,37,41,07,INSPIRE/WISHP4/PB4
0628,24.11.2015,30,33,34,44,45,08,WISH/INSPIREP4/PB4
0629,27.11.2015,01,19,28,42,44,18,DELIGHT/WISHP5/PB5
0630,01.12.2015,04,10,18,23,34,01,DELIGHT/INSPIRE,P6/PB10,
0631,04.12.2015,07,18,34,35,41,01,INSPIRE/Delight,P3/PB3
0632,08.12.2015,07,10,12,24,26,07,Believe/DREAM,P6/PB8
0633,11.12.2015,01,03,05,11,38,13,DREAM/BELIEVE,P6/PB16,
0634,15.12.2015,04,11,18,20,42,12,Desire/DelightP5/PB5
0635,18.12.2015,03,35,40,43,45,05,DELIGHT/DREAM,P9/PB8
0636,22.12.2015,03,08,16,38,43,09,Believe/Delight,P5/PB5
0637,29.12.2015,05,07,14,25,30,03,DREAM/Delight,P2/PB2
0638,01.01.2016,13,17,24,34,40,18,DELIGHT/DREAM,P2/PB2
0639,05.01.2016,24,29,38,39,45,18,Desire/INSPIREP2/PB2
0640,08.01.2016,15,17,38,39,43,11,WISH/DelightP7/PB10,
0641,12.01.2016,10,16,27,29,36,13,DREAM/DESIREP10/PB17
0642,15.01.2016,04,09,19,31,32,01,WISH/BELIEVEP6/PB8
0643,19.01.2016,01,04,09,35,39,05,DREAM/WISHP6/PB16,
0644,22.01.2016,01,05,15,23,43,11,DELIGHT/WISHP10/PB18
0645,26.01.2016,03,12,16,27,37,12,DELIGHT/DESIREP7/PB8
0646,29.01.2016,05,14,20,24,28,05,Believe/WISHP7/PB7
0647,02.02.2016,07,08,32,35,44,09,Believe/Delight,P10/PB7,
0648,05.02.2016,06,15,16,31,40,09,Desire/INSPIREP11/PB18
0649,09.02.2016,14,21,41,42,43,04,INSPIRE/WISHP6/PB7
0650,12.02.2016,09,32,40,42,44,19,INSPIRE/BELIEVE,P6/PB21,
0651,16.02.2016,05,09,11,14,42,07,WISH/DREAMP6/PB18,
0652,19.02.2016,12,14,15,23,41,18,WISH/DREAMP11/PB16
0653,23.02.2016,03,15,16,23,24,03,DREAM/DESIREP9/PB8
0654,26.02.2016,05,12,35,36,38,17,WISH/DelightP9/PB6
0655,01.03.2016,04,08,15,17,27,01,INSPIRE/DREAM,P11/PB8,
0656,04.03.2016,01,06,30,40,43,06,INSPIRE/WISHP2/PB2
0657,08.03.2016,02,06,15,26,39,12,DELIGHT/DREAM,P10/PB6,
0658,11.03.2016,01,02,03,13,34,11,WISH/DESIRE,P9/PB8
0659,15.03.2016,04,07,32,41,44,11,INSPIRE/WISHP11/PB21
0660,18.03.2016,14,17,26,32,33,14,DELIGHT/WISHP6/PB7
0661,22.03.2016,11,13,23,42,43,04,INSPIRE/Delight,P2/PB2
0662,25.03.2016,01,07,12,21,33,02,DREAM/BELIEVE,P10/PB14
0663,29.03.2016,04,28,37,40,45,14,DREAM/BELIEVE,P6/PB21,
0664,01.04.2016,11,15,31,37,43,11,INSPIRE/DREAM,P9/PB6
0665,05.04.2016,04,24,27,36,40,08,Desire/ImagineP6/PB14,
0666,08.04.2016,24,28,34,35,43,13,WISH/BELIEVEP2/PB2
0667,12.04.2016,02,16,18,20,24,16,IMAGINE/BELIEVE,P2/PB2
0668,15.04.2016,20,29,33,37,38,06,DREAM/BELIEVE,P10/PB14
0669,19.04.2016,10,11,12,32,33,17,IMAGINE/INSPIRE,P6/PB15,
0670,22.04.2016,01,04,12,18,29,16,Desire/WISH,P8/PB16,
0671,26.04.2016,01,03,16,19,31,13,WISH/DESIRE,P6/PB21,
0672,29.04.2016,03,11,22,35,41,09,Believe/Imagine,P8/PB7
0673,03.05.2016,01,15,23,32,41,11,Believe/DESIREP6/PB18,
0674,06.05.2016,03,13,24,41,44,05,DREAM/Imagine,P6/PB19,
0675,10.05.2016,05,20,26,27,33,18,DESIRE/DREAMP9/PB18,
0676,13.05.2016,03,05,23,29,37,20,INSPIRE/WISHP11/PB12
0677,17.05.2016,08,15,17,24,30,18,INSPIRE/DESIREP8/PB12,
0678,20.05.2016,21,29,32,36,43,03,Desire/InspireP7/PB18,
0679,24.05.2016,08,12,23,24,31,15,Imagine/DesireP10/PB12
0680,27.05.2016,07,15,24,28,29,02,Dream/Imagine,P6/PB22,
0681,31.05.2016,03,28,38,39,42,16,Desire/BelieveP11/PB20
0682,03.06.2016,07,14,20,37,43,12,Wish/BelieveP3/PB3
0683,07.06.2016,03,04,11,23,37,17,Desire/BelieveP6/PB20,
0684,10.06.2016,03,06,17,21,27,10,Believe/Dream,P6/PB19,
0685,14.06.2016,20,24,40,44,45,17,Believe/Inspire,P2/PB2
0686,17.06.2016,07,09,23,39,45,10,Inspire/DesireP7/PB16,
0687,21.06.2016,03,13,22,26,43,18,Believe/DesireP6/PB16,
0688,24.06.2016,01,07,09,21,43,09,Wish/InspireP9/PB21,
0689,28.06.2016,04,05,07,10,34,16,Believe/WishP9/PB21,
0690,01.07.2016,17,20,22,27,41,18,Desire/Wish,P9/PB6
0691,05.07.2016,09,17,19,29,42,15,Desire/InspireP3/PB3
0692,08.07.2016,01,12,26,36,37,03,Dream/WishP8/PB21,
0693,12.07.2016,04,12,23,31,41,05,Inspire/Dream,P8/PB7
0694,15.07.2016,02,14,31,34,37,12,Desire/DelightP2/PB2
0695,19.07.2016,02,31,34,38,39,05,Wish/Desire,P2/PB2
0696,22.07.2016,01,07,16,28,35,03,Wish/ImagineP10/PB9,
0697,26.07.2016,01,06,16,22,25,13,Believe/Imagine,P7/PB19,
0698,29.07.2016,04,12,31,41,42,19,Desire/DreamP8/PB7
0699,02.08.2016,08,11,14,30,42,08,Wish/Desire,P11/PB7,
0700,05.08.2016,03,21,34,37,40,20,Desire/DelightP7/PB15,
0701,09.08.2016,05,13,17,24,36,18,Imagine/Inspire,P8/PB7
0702,12.08.2016,10,15,35,38,39,13,Imagine/DesireP9/PB9
0703,16.08.2016,07,08,16,30,44,14,Imagine/DesireP11/PB11
0704,19.08.2016,06,18,32,33,36,04,Wish/DelightP9/PB15,
0705,23.08.2016,09,13,19,26,43,08,Inspire/WishP10/PB11
0706,26.08.2016,02,12,14,32,42,08,Dream/Inspire,P10/PB23
0707,30.08.2016,04,09,14,18,34,10,Wish/DreamP9/PB7
0708,02.09.2016,20,23,30,38,41,10,Dream/WishP10/PB22
0709,06.09.2016,04,18,39,43,44,12,Believe/Inspire,P10/PB8,
0710,09.09.2016,02,18,35,37,41,15,Imagine/Delight,P6/PB8
0711,13.09.2016,01,05,16,21,40,02,Delight/Believe,P8/PB6
0712,16.09.2016,01,12,33,34,37,16,Dream/Believe,P8/PB10,
0713,20.09.2016,02,18,29,32,44,20,Wish/InspireP11/PB11
0714,23.09.2016,03,11,30,32,37,03,Inspire/Believe,P6/PB16,
0715,27.09.2016,03,11,34,37,45,15,Wish/DreamP11/PB16
0716,30.09.2016,05,15,16,25,36,16,Delight/Inspire,P7/PB24,
0717,04.10.2016,04,16,18,25,30,06,Delight/DesireP11/PB24
0718,07.10.2016,02,14,24,34,45,07,Desire/BelieveP5/PB5
0719,11.10.2016,15,23,24,26,36,19,Inspire/DesireP7/PB24,
0720,14.10.2016,04,12,31,38,40,03,Desire/DreamP5/PB5
0721,18.10.2016,07,19,35,41,44,16,Inspire/DesireP2/PB2
0722,21.10.2016,08,15,20,22,29,19,Wish/DreamP2/PB2
0723,25.10.2016,08,24,27,30,43,14,Desire/InspireP5/PB5
0724,28.10.2016,09,10,18,25,36,03,Delight/WishP3/PB3
0725,01.11.2016,24,25,26,37,44,12,Believe/DesireP3/PB3
0726,04.11.2016,05,14,23,31,36,12,Believe/Dream,P7/PB8
0727,08.11.2016,05,30,40,43,44,02,Believe/Inspire,P9/PB25,
0728,11.11.2016,01,03,20,35,36,12,Believe/DesireP9/PB8
0729,15.11.2016,11,17,23,42,45,13,Delight/Dream,P9/PB8
0730,18.11.2016,02,07,12,18,21,10,Dream/DesireP11/PB25
0731,22.11.2016,17,18,19,25,36,13,Believe/WishP9/PB25,
0732,25.11.2016,05,21,22,28,33,18,Wish/BelieveP6/PB13,
0733,29.11.2016,04,09,22,31,41,12,Believe/Inspire,P11/PB24
0734,02.12.2016,01,11,24,28,42,09,Wish/Desire,P7/PB19,
0735,06.12.2016,01,24,29,33,38,20,Dream/Inspire,P8/PB15,
0736,09.12.2016,01,02,08,10,14,09,Believe/Delight,P8/PB11,
0737,13.12.2016,07,08,23,26,33,16,Believe/DesireP8/PB13,
0738,16.12.2016,08,15,26,28,35,10,Delight/DesireP7/PB16,
0739,20.12.2016,01,09,17,20,23,12,Dream/Believe,P10/PB13
0740,23.12.2016,01,04,06,11,16,02,Believe/DesireP10/PB16
0741,27.12.2016,08,16,20,21,36,04,Delight/Believe,P7/PB13,
0742,30.12.2016,14,31,33,42,44,15,Delight/WishP10/PB19
0743,03.01.2017,06,16,26,29,31,08,Believe/WishP11/PB15
0744,06.01.2017,11,14,30,40,42,09,Inspire/Believe,P6/PB15,
0745,10.01.2017,06,20,25,28,31,10,Desire/DreamP8/PB19,
0746,13.01.2017,14,20,21,26,38,18,Believe/Delight,P11/PB15
0747,17.01.2017,12,29,35,36,41,10,Inspire/DesireP8/PB24,
0748,20.01.2017,05,07,17,23,41,06,Believe/WishP6/PB24,
0749,24.01.2017,07,19,33,35,39,05,Believe/WishP8/PB19,
0750,27.01.2017,04,05,16,28,30,10,Delight/Believe,P7/PB23,
0751,31.01.2017,02,09,31,40,45,03,Insipre/Believe,P9/PB25,
0752,03.02.2017,20,22,37,39,43,17,Delight/Inspire,P7/PB23,
0753,07.02.2017,07,16,18,30,39,02,Believe/WishP6/PB23,
0754,10.02.2017,01,12,21,24,42,05,Desire/Wish,P3/PB3
0755,14.02.2017,05,12,14,39,42,17,Believe/Inspire,P2/PB2
0756,17.02.2017,09,20,23,39,42,06,Wish/Desire,P3/PB3
0757,21.02.2017,09,11,14,29,37,05,Dream/Believe,P3/PB3
0758,24.02.2017,06,09,20,30,38,11,Delight/Dream,P5/PB5
0759,28.02.2017,09,15,20,42,45,05,Delight/Believe,P2/PB2
0760,03.03.2017,01,19,24,34,41,16,Dream/Inspire,P8/PB8
0761,07.03.2017,06,10,14,35,44,05,Desire/Wish,P9/PB8
0762,10.03.2017,11,20,24,28,33,02,Believe/Dream,P7/PB8
0763,14.03.2017,11,19,31,33,36,10,Believe/DesireP9/PB21,
0764,17.03.2017,06,15,20,31,37,08,Believe/DesireP11/PB7,
0765,21.03.2017,07,09,10,33,34,14,Inspire/DesireP9/PB21,
0766,24.03.2017,01,03,05,13,15,11,Inspire/WishP9/PB8
0767,28.03.2017,02,06,07,22,27,03,Dream/Believe,P10/PB21
0768,31.03.2017,09,11,20,22,36,13,Delight/WishP8/PB18,
0769,04.04.2017,10,19,28,33,34,01,Desire/InspireP10/PB16
0770,07.04.2017,20,21,24,34,43,20,Delight/Inspire,P8/PB18,
0771,11.04.2017,14,18,24,27,38,18,Believe/DesireP10/PB16
0772,14.04.2017,13,17,20,33,42,04,Delight/WishP6/PB10,
0773,18.04.2017,02,05,21,24,25,01,Delight/Imagine,P6/PB16,
0774,21.04.2017,03,07,11,29,40,18,Inspire/DesireP6/PB10,
0775,25.04.2017,02,19,25,30,32,13,Believe/Dream,P7/PB19,
0776,28.04.2017,08,23,24,40,44,07,Dream/DesireP8/PB19,
0777,02.05.2017,02,10,12,27,32,13,Delight/DesireP11/PB13
0778,05.05.2017,08,09,21,24,26,04,Wish/BelieveP5/PB5
0779,09.05.2017,18,19,23,37,43,14,Imagine/DesireP2/PB2
0780,12.05.2017,01,03,15,30,37,05,Inspire/WishP2/PB2
0781,16.05.2017,09,20,30,36,38,13,INSPIRE/DREAM,P3/PB3
0782,19.05.2017,01,02,09,17,37,07,Imagine/Delight,P2/PB2
0783,23.05.2017,04,07,15,22,26,04,Believe/Delight,P5/PB5
0784,26.05.2017,13,26,29,31,37,07,Believe/Delight,P8/PB11,
0785,30.05.2017,12,14,25,26,39,02,Imagine/WishP6/PB13,
0786,02.06.2017,07,11,16,38,45,20,Imagine/WishP11/PB18
0787,06.06.2017,01,27,28,32,43,12,Wish/InspireP6/PB13,
0788,09.06.2017,11,12,17,19,35,01,Believe/DesireP6/PB11,
0789,13.06.2017,13,18,32,36,45,14,Wish/DreamP3/PB3
0790,16.06.2017,04,07,25,28,33,14,Wish/Desire,P11/PB11
0791,20.06.2017,14,21,28,38,40,18,Inspire/Believe,P11/PB12
0792,23.06.2017,14,20,33,44,45,19,Believe/Dream,P3/PB3
0793,27.06.2017,26,27,30,32,45,16,Believe/WishP10/PB22
0794,30.06.2017,04,05,10,23,28,03,Imagine/WishP7/PB12,
0795,04.07.2017,05,07,10,15,30,05,Dream/WishP9/PB6
0796,07.07.2017,09,16,18,32,43,02,Imagine/Believe,P10/PB6,
0797,11.07.2017,02,15,19,27,34,19,Believe/Dream,P7/PB12,
0798,14.07.2017,21,28,29,31,35,08,Dream/Believe,P5/PB5
0799,18.07.2017,23,25,30,40,43,20,Desire/DreamP5/PB5
0800,21.07.2017,07,20,29,40,43,06,Desire/ImagineP3/PB3
0801,25.07.2017,12,18,22,29,44,06,Believe/Imagine,P5/PB5
0802,28.07.2017,07,28,30,35,39,01,Believe/Inspire,P5/PB5
0803,01.08.2017,05,18,36,40,42,05,Inspire/Believe,P9/PB6
0804,04.08.2017,15,17,24,25,38,17,Desire/DreamP11/PB6,
0805,08.08.2017,03,05,12,14,22,09,Imagine/Dream,P11/PB12
0806,11.08.2017,11,28,31,32,41,18,INSPIRE/DESIREP7/PB24,
0807,15.08.2017,04,17,27,34,35,05,Desire/DreamP7/PB24,
0808,18.08.2017,13,23,30,34,40,11,Inspire/DesireP6/PB10,
0809,22.08.2017,15,19,31,36,44,09,DESIRE/IMAGINEP6/PB24,
0810,25.08.2017,02,15,23,28,32,02,Wish/Desire,P8/PB25,
0811,29.08.2017,13,19,12,34,17,11,INSPIRE/WISHP11/PB25
0812,01.09.2017,13,41,39,31,11,15,Imagine/Believe,P3/PB3
0813,05.09.2017,14,02,32,13,15,06,Inspire/WishP9/PB25,
0814,08.09.2017,34,06,07,42,39,12,RNG2/RNG2,RNG/RNG,
0815,12.09.2017,02,41,11,29,03,15,RNG2/RNG2,RNG/RNG,
0816,15.09.2017,16,24,11,44,28,06,RNG2/RNG2,RNG/RNG,
0817,19.09.2017,39,22,15,25,36,19,RNG2/RNG2,RNG/RNG,
0818,22.09.2017,04,12,28,30,39,03,RNG2/RNG2,RNG/RNG,
0819,26.09.2017,45,17,33,09,42,13,RNG2/RNG2,RNG/RNG,
0820,29.09.2017,42,39,26,32,28,09,RNG2/RNG2,RNG/RNG,
0821,03.10.2017,39,07,35,36,26,14,RNG2/RNG2,RNG/RNG,
0822,06.10.2017,38,31,23,18,22,17,RNG2/RNG2,RNG/RNG,
0823,10.10.2017,15,25,13,39,29,14,RNG2/RNG2,RNG/RNG,
0824,13.10.2017,25,32,08,05,30,17,RNG2/RNG2,RNG/RNG,
0825,17.10.2017,39,03,01,10,43,13,RNG2/RNG2,RNG/RNG,
0826,20.10.2017,20,19,26,30,24,20,RNG2/RNG2,RNG/RNG,
0827,24.10.2017,44,37,26,42,13,03,RNG2/RNG2,RNG/RNG,
0828,27.10.2017,15,14,21,45,29,06,RNG2/RNG2,RNG/RNG,
0829,31.10.2017,16,10,36,43,06,17,RNG2/RNG2,RNG/RNG,
0830,03.11.2017,44,23,19,03,17,19,RNG2/RNG2,RNG/RNG,
0831,07.11.2017,44,10,34,22,09,18,RNG2/RNG2,RNG/RNG,
0832,10.11.2017,31,13,33,28,44,08,RNG2/RNG2,RNG/RNG,
0833,14.11.2017,41,34,21,25,08,20,RNG2/RNG2,RNG/RNG,
0834,17.11.2017,14,13,42,36,24,20,RNG2/RNG2,RNG/RNG,
0835,21.11.2017,23,34,32,41,16,18,RNG2/RNG2,RNG/RNG,
0836,24.11.2017,04,14,29,37,43,18,RNG2/RNG2,RNG/RNG,
0837,28.11.2017,39,28,07,38,11,14,RNG2/RNG2,RNG/RNG,
0838,01.12.2017,22,29,11,08,28,01,RNG2/RNG2,RNG/RNG,
0839,05.12.2017,19,04,08,32,40,18,RNG2/RNG2,RNG/RNG,
0840,08.12.2017,08,17,03,27,22,13,RNG2/RNG2,RNG/RNG,
0841,12.12.2017,10,15,24,39,07,19,RNG2/RNG2,RNG/RNG,
0842,15.12.2017,10,17,02,09,44,18,RNG2/RNG2,RNG/RNG,
0843,19.12.2017,07,43,44,03,11,04,RNG2/RNG2,RNG/RNG,
0844,22.12.2017,09,16,05,31,19,03,RNG2/RNG2,RNG/RNG,
0845,26.12.2017,14,44,13,42,29,04,RNG2/RNG2,RNG/RNG,
0846,29.12.2017,03,42,21,07,41,18,RNG2/RNG2,RNG/RNG,
0847,02.01.2018,21,30,37,34,29,20,RNG2/RNG2,RNG/RNG,
0848,05.01.2018,34,31,44,08,35,04,RNG2/RNG2,RNG/RNG,
0849,09.01.2018,18,40,04,19,11,19,RNG2/RNG2,RNG/RNG,
0850,12.01.2018,42,20,17,25,15,19,RNG2/RNG2,RNG/RNG,
0851,16.01.2018,12,27,35,36,29,15,RNG2/RNG2,RNG/RNG,
0852,19.01.2018,13,01,27,03,24,12,RNG2/RNG2,RNG/RNG,
0853,23.01.2018,41,03,42,40,28,08,RNG2/RNG2,RNG/RNG,
0854,26.01.2018,06,08,25,22,14,03,RNG2/RNG2,RNG/RNG,
0855,30.01.2018,43,20,08,41,42,04,RNG2/RNG2,RNG/RNG,
0856,02.02.2018,10,13,30,36,45,19,RNG2/RNG2,RNG/RNG,
0857,06.02.2018,27,21,40,07,06,15,RNG2/RNG2,RNG/RNG,
0858,09.02.2018,26,08,39,01,10,17,RNG2/RNG2,RNG/RNG,
0859,13.02.2018,42,10,05,29,12,08,RNG2/RNG2,RNG/RNG,
0860,16.02.2018,02,28,30,08,26,02,RNG2/RNG2,RNG/RNG,
0861,20.02.2018,33,30,27,42,08,03,RNG2/RNG2,RNG/RNG,
0862,23.02.2018,15,45,36,31,20,17,RNG2/RNG2,RNG/RNG,
0863,27.02.2018,33,18,34,06,16,13,RNG2/RNG2,RNG/RNG,
0864,02.03.2018,33,40,27,14,01,12,RNG2/RNG2,RNG/RNG,
0865,06.03.2018,36,35,12,24,29,01,RNG2/RNG2,RNG/RNG,
0866,09.03.2018,09,26,11,20,34,10,RNG2/RNG2,RNG/RNG,
0867,13.03.2018,13,26,37,43,31,15,RNG2/RNG2,RNG/RNG,
0868,16.03.2018,08,17,38,29,31,05,RNG2/RNG2,RNG/RNG,
0869,20.03.2018,35,05,40,37,21,09,RNG2/RNG2,RNG/RNG,
0870,23.03.2018,24,35,37,03,23,09,RNG2/RNG2,RNG/RNG,
0871,27.03.2018,12,09,04,31,18,06,RNG2/RNG2,RNG/RNG,
0872,30.03.2018,34,37,41,08,19,11,RNG2/RNG2,RNG/RNG,
0873,03.04.2018,33,13,04,16,40,02,RNG2/RNG2,RNG/RNG,
0874,06.04.2018,26,11,43,03,35,03,RNG2/RNG2,RNG/RNG,
0875,10.04.2018,14,17,31,02,34,19,RNG2/RNG2,RNG/RNG,
0876,13.04.2018,21,09,30,23,06,14,RNG2/RNG2,RNG/RNG,
0877,17.04.2018,33,03,06,07,16,17,RNG2/RNG2,RNG/RNG,
0878,20.04.2018,35,13,31,20,05,09,RNG2/RNG2,RNG/RNG,
0879,24.04.2018,39,06,16,17,43,04,RNG2/RNG2,RNG/RNG,
0880,27.04.2018,08,20,12,02,43,06,RNG2/RNG2,RNG/RNG,
0881,01.05.2018,42,08,17,40,29,11,RNG2/RNG2,RNG/RNG,
0882,04.05.2018,25,12,09,04,11,06,RNG2/RNG2,RNG/RNG,
0883,08.05.2018,06,44,26,04,03,05,RNG2/RNG2,RNG/RNG,
0884,11.05.2018,08,40,43,22,33,03,RNG2/RNG2,RNG/RNG,
0885,15.05.2018,20,10,05,40,27,10,RNG2/RNG2,RNG/RNG,
0886,18.05.2018,28,10,11,40,06,07,RNG2/RNG2,RNG/RNG,
0887,22.05.2018,44,10,19,03,15,14,RNG2/RNG2,RNG/RNG,
0888,25.05.2018,37,23,36,06,11,13,RNG2/RNG2,RNG/RNG,
0889,29.05.2018,31,41,21,12,37,13,RNG2/RNG2,RNG/RNG,
0890,01.06.2018,41,40,01,37,43,04,RNG2/RNG2,RNG/RNG,
0891,05.06.2018,33,45,13,10,28,14,RNG2/RNG2,RNG/RNG,
0892,08.06.2018,13,03,26,25,34,13,RNG2/RNG2,RNG/RNG,
0893,12.06.2018,35,37,03,31,05,13,RNG2/RNG2,RNG/RNG,
0894,15.06.2018,14,28,09,41,08,09,RNG2/RNG2,RNG/RNG,
0895,19.06.2018,12,24,20,23,37,04,RNG2/RNG2,RNG/RNG,
0896,22.06.2018,19,06,14,02,13,17,RNG2/RNG2,RNG/RNG,
0897,26.06.2018,39,43,15,50,25,14,RNG2/RNG2,RNG/RNG,
0898,29.06.2018,25,31,37,15,22,16,RNG2/RNG2,RNG/RNG,
0899,03.07.2018,03,48,38,49,50,18,RNG2/RNG2,RNG/RNG,
0900,06.07.2018,35,19,08,39,16,11,RNG2/RNG2,RNG/RNG,
0901,10.07.2018,46,01,31,34,38,12,RNG2/RNG2,RNG/RNG,
0902,13.07.2018,14,38,45,34,13,11,RNG2/RNG2,RNG/RNG,
0903,17.07.2018,12,35,26,44,34,04,RNG2/RNG2,RNG/RNG,
0904,20.07.2018,22,21,09,39,33,05,RNG2/RNG2,RNG/RNG,
0905,24.07.2018,15,09,29,24,18,19,RNG2/RNG2,RNG/RNG,
0906,27.07.2018,33,36,15,19,04,02,RNG2/RNG2,RNG/RNG,
0907,31.07.2018,34,14,06,36,03,12,RNG2/RNG2,RNG/RNG,
0908,03.08.2018,23,24,15,35,01,04,RNG2/RNG2,RNG/RNG,
0909,07.08.2018,24,19,30,02,03,03,RNG2/RNG2,RNG/RNG,
0910,10.08.2018,14,50,03,43,10,14,RNG2/RNG2,RNG/RNG,
0911,14.08.2018,29,32,13,38,45,05,RNG2/RNG2,RNG/RNG,
0912,17.08.2018,09,35,19,24,42,10,RNG2/RNG2,RNG/RNG,
0913,21.08.2018,45,34,19,23,21,09,RNG2/RNG2,RNG/RNG,
0914,24.08.2018,25,40,27,03,06,04,RNG2/RNG2,RNG/RNG,
0915,28.08.2018,41,44,04,21,13,15,RNG2/RNG2,RNG/RNG,
0916,31.08.2018,07,43,47,42,38,03,RNG2/RNG2,RNG/RNG,
0917,04.09.2018,03,25,13,24,41,08,RNG2/RNG2,RNG/RNG,
0918,07.09.2018,09,20,11,44,28,06,RNG2/RNG2,RNG/RNG,
0919,11.09.2018,34,03,26,50,40,12,RNG2/RNG2,RNG/RNG,
0920,14.09.2018,40,31,29,17,10,09,RNG2/RNG2,RNG/RNG,
0921,18.09.2018,15,31,22,23,38,01,RNG2/RNG2,RNG/RNG,
0922,21.09.2018,39,46,32,43,28,08,RNG2/RNG2,RNG/RNG,
0923,25.09.2018,15,17,30,07,40,11,RNG2/RNG2,RNG/RNG,
0924,28.09.2018,24,36,07,50,31,02,RNG2/RNG2,RNG/RNG,
0925,02.10.2018,35,03,07,15,24,18,RNG2/RNG2,RNG/RNG,
0926,05.10.2018,32,36,49,46,42,11,RNG2/RNG2,RNG/RNG,
0927,09.10.2018,40,24,22,13,05,05,RNG2/RNG2,RNG/RNG,
0928,12.10.2018,02,01,11,19,44,08,RNG2/RNG2,RNG/RNG,
0929,16.10.2018,02,35,41,27,08,08,RNG2/RNG2,RNG/RNG,
0930,19.10.2018,32,39,01,41,43,06,RNG2/RNG2,RNG/RNG,
0931,23.10.2018,48,04,17,21,28,20,RNG2/RNG2,RNG/RNG,
0932,26.10.2018,19,02,15,38,24,20,RNG2/RNG2,RNG/RNG,
0933,30.10.2018,29,19,27,24,20,19,RNG2/RNG2,RNG/RNG,
0934,02.11.2018,36,42,02,30,47,13,RNG2/RNG2,RNG/RNG,
0935,06.11.2018,50,49,48,10,20,12,RNG2/RNG2,RNG/RNG,
0936,09.11.2018,43,06,07,10,19,20,RNG2/RNG2,RNG/RNG,
0937,13.11.2018,24,19,04,06,41,08,RNG2/RNG2,RNG/RNG,
0938,16.11.2018,35,24,33,20,32,18,RNG2/RNG2,RNG/RNG,
0939,20.11.2018,47,37,32,33,14,15,RNG2/RNG2,RNG/RNG,
0940,23.11.2018,30,08,03,06,23,08,RNG2/RNG2,RNG/RNG,
0941,27.11.2018,46,12,39,27,41,10,RNG2/RNG2,RNG/RNG,
0942,30.11.2018,49,25,12,15,29,07,RNG2/RNG2,RNG/RNG,
0943,04.12.2018,05,20,13,34,33,06,RNG2/RNG2,RNG/RNG,
0944,07.12.2018,47,03,22,33,06,15,RNG2/RNG2,RNG/RNG,
0945,11.12.2018,29,48,07,42,39,07,RNG2/RNG2,RNG/RNG,
0946,14.12.2018,09,20,05,16,04,03,RNG2/RNG2,RNG/RNG,
0947,18.12.2018,03,14,05,20,32,16,RNG2/RNG2,RNG/RNG,
0948,21.12.2018,22,48,34,40,44,02,RNG2/RNG2,RNG/RNG,
0949,25.12.2018,30,16,29,28,13,07,RNG2/RNG2,RNG/RNG,
0950,28.12.2018,18,32,50,30,21,08,RNG2/RNG2,RNG/RNG,
0951,01.01.2019,47,44,42,46,48,11,RNG2/RNG2,RNG/RNG,
0952,04.01.2019,24,29,09,07,26,01,RNG2/RNG2,RNG/RNG,
0953,08.01.2019,44,35,15,46,02,13,RNG2/RNG2,RNG/RNG,
0954,11.01.2019,21,42,25,29,08,15,RNG2/RNG2,RNG/RNG,
0955,15.01.2019,24,27,09,29,13,20,RNG2/RNG2,RNG/RNG,
0956,18.01.2019,23,26,40,08,38,09,RNG2/RNG2,RNG/RNG,
0957,22.01.2019,41,06,47,24,15,03,RNG2/RNG2,RNG/RNG,
0958,25.01.2019,41,31,27,40,20,09,RNG2/RNG2,RNG/RNG,
0959,29.01.2019,25,23,06,29,07,05,RNG2/RNG2,RNG/RNG,
0960,01.02.2019,19,13,41,39,05,03,RNG2/RNG2,RNG/RNG,
0961,05.02.2019,05,50,28,31,35,09,RNG2/RNG2,RNG/RNG,
0962,08.02.2019,22,41,42,39,30,11,RNG2/RNG2,RNG/RNG,
0963,12.02.2019,47,16,15,38,24,13,RNG2/RNG2,RNG/RNG,
0964,15.02.2019,42,19,37,43,20,17,RNG2/RNG2,RNG/RNG,
0965,19.02.2019,26,14,35,18,21,05,RNG2/RNG2,RNG/RNG,
0966,22.02.2019,11,40,07,09,10,02,RNG2/RNG2,RNG/RNG,
0967,26.02.2019,20,33,28,10,31,12,RNG2/RNG2,RNG/RNG,
0968,01.03.2019,24,49,46,34,29,15,RNG2/RNG2,RNG/RNG,
0969,05.03.2019,24,48,18,01,49,20,RNG2/RNG2,RNG/RNG,
0970,08.03.2019,05,22,11,04,07,03,RNG2/RNG2,RNG/RNG,
0971,12.03.2019,48,40,46,27,08,18,RNG2/RNG2,RNG/RNG,
0972,15.03.2019,45,40,19,36,49,05,RNG2/RNG2,RNG/RNG,
0973,19.03.2019,33,32,03,36,16,07,RNG2/RNG2,RNG/RNG,
0974,22.03.2019,10,35,08,15,34,16,RNG2/RNG2,RNG/RNG,
0975,26.03.2019,24,26,01,30,08,02,RNG2/RNG2,RNG/RNG,
0976,29.03.2019,06,11,03,13,31,13,RNG2/RNG2,RNG/RNG,
0977,02.04.2019,41,35,38,29,11,18,RNG2/RNG2,RNG/RNG,
0978,05.04.2019,48,15,29,22,31,03,RNG2/RNG2,RNG/RNG,
0979,09.04.2019,13,05,38,11,28,14,RNG2/RNG2,RNG/RNG,
0980,12.04.2019,28,35,50,43,41,12,RNG2/RNG2,RNG/RNG,
0981,16.04.2019,06,44,05,48,32,05,RNG2/RNG2,RNG/RNG,
0982,19.04.2019,43,25,19,17,47,04,RNG2/RNG2,RNG/RNG,
0983,23.04.2019,48,10,35,37,46,09,RNG2/RNG2,RNG/RNG,
0984,26.04.2019,43,16,13,49,19,13,RNG2/RNG2,RNG/RNG,
0985,30.04.2019,20,03,48,01,46,05,RNG2/RNG2,RNG/RNG,
0986,03.05.2019,20,36,18,35,13,11,RNG2/RNG2,RNG/RNG,
0987,07.05.2019,30,22,15,45,48,13,RNG2/RNG2,RNG/RNG,
0988,10.05.2019,43,22,39,14,23,15,RNG2/RNG2,RNG/RNG,
0989,14.05.2019,44,46,34,15,18,16,RNG2/RNG2,RNG/RNG,
0990,17.05.2019,19,09,46,31,29,17,RNG2/RNG2,RNG/RNG,
0991,21.05.2019,15,11,33,03,43,13,RNG2/RNG2,RNG/RNG,
0992,24.05.2019,29,03,39,25,38,07,RNG2/RNG2,RNG/RNG,
0993,28.05.2019,25,43,15,33,21,17,RNG2/RNG2,RNG/RNG,
0994,31.05.2019,05,47,25,21,27,12,RNG2/RNG2,RNG/RNG,
0995,04.06.2019,16,50,22,46,10,19,RNG2/RNG2,RNG/RNG,
0996,07.06.2019,21,22,04,11,45,14,RNG2/RNG2,RNG/RNG,
0997,11.06.2019,47,15,11,38,14,13,RNG2/RNG2,RNG/RNG,
0998,14.06.2019,35,24,27,39,26,15,RNG2/RNG2,RNG/RNG,
0999,18.06.2019,33,20,17,02,03,03,RNG2/RNG2,RNG/RNG,
1000,21.06.2019,08,15,46,28,49,08,RNG2/RNG2,RNG/RNG,
1001,25.06.2019,32,40,38,03,33,11,RNG2/RNG2,RNG/RNG,
1002,28.06.2019,41,33,03,13,16,10,RNG2/RNG2,RNG/RNG,
1003,02.07.2019,16,43,29,47,44,15,RNG2/RNG2,RNG/RNG,
1004,05.07.2019,47,37,46,39,28,12,RNG2/RNG2,RNG/RNG,
1005,09.07.2019,44,49,09,12,28,13,RNG2/RNG2,RNG/RNG,
1006,12.07.2019,46,35,29,47,48,17,RNG2/RNG2,RNG/RNG,
1007,16.07.2019,23,03,40,05,20,14,RNG2/RNG2,RNG/RNG,
1008,19.07.2019,12,41,20,03,13,16,RNG2/RNG2,RNG/RNG,
1009,23.07.2019,35,45,06,48,04,20,RNG2/RNG2,RNG/RNG,
1010,26.07.2019,19,04,48,17,43,07,RNG2/RNG2,RNG/RNG,
1011,30.07.2019,01,29,32,14,38,18,RNG2/RNG2,RNG/RNG,
1012,02.08.2019,47,31,45,46,05,05,RNG2/RNG2,RNG/RNG,
1013,06.08.2019,06,37,30,15,08,20,RNG2/RNG2,RNG/RNG,
1014,09.08.2019,48,18,34,02,37,03,RNG2/RNG2,RNG/RNG,
1015,13.08.2019,05,25,16,17,38,02,RNG2/RNG2,RNG/RNG,
1016,16.08.2019,14,10,41,31,03,09,RNG2/RNG2,RNG/RNG,
1017,20.08.2019,41,20,11,19,39,09,RNG2/RNG2,RNG/RNG,
1018,23.08.2019,15,09,08,24,20,14,RNG2/RNG2,RNG/RNG,
1019,27.08.2019,10,11,05,09,04,13,RNG2/RNG2,RNG/RNG,
1020,30.08.2019,14,47,40,08,36,02,RNG2/RNG2,RNG/RNG,
1021,03.09.2019,34,06,11,31,16,19,RNG2/RNG2,RNG/RNG,
1022,06.09.2019,20,49,40,25,02,20,RNG2/RNG2,RNG/RNG,
1023,10.09.2019,24,10,15,28,50,05,RNG2/RNG2,RNG/RNG,
1024,13.09.2019,10,42,09,08,11,09,RNG2/RNG2,RNG/RNG,
1025,17.09.2019,35,21,49,13,23,08,RNG2/RNG2,RNG/RNG,
1026,20.09.2019,29,16,35,22,09,06,RNG2/RNG2,RNG/RNG,
1027,24.09.2019,36,06,46,34,35,12,RNG2/RNG2,RNG/RNG,
1028,27.09.2019,22,14,39,18,16,15,RNG2/RNG2,RNG/RNG,
1029,01.10.2019,09,29,32,50,03,07,RNG2/RNG2,RNG/RNG,
1030,04.10.2019,05,29,04,23,31,17,RNG2/RNG2,RNG/RNG,
1031,08.10.2019,37,15,50,04,36,17,RNG2/RNG2,RNG/RNG,
1032,11.10.2019,15,16,43,26,17,10,RNG2/RNG2,RNG/RNG,
1033,15.10.2019,10,50,39,36,34,06,RNG2/RNG2,RNG/RNG,
1034,18.10.2019,15,31,21,44,34,02,RNG2/RNG2,RNG/RNG,
1035,22.10.2019,48,22,35,31,03,16,RNG2/RNG2,RNG/RNG,
1036,25.10.2019,37,21,29,02,49,09,RNG2/RNG2,RNG/RNG,
1037,29.10.2019,50,41,08,29,38,02,RNG2/RNG2,RNG/RNG,
1038,01.11.2019,13,47,29,43,25,12,RNG2/RNG2,RNG/RNG,
1039,05.11.2019,07,04,18,27,37,08,RNG2/RNG2,RNG/RNG,
1040,08.11.2019,37,45,18,27,05,12,RNG2/RNG2,RNG/RNG,
1041,12.11.2019,11,25,05,03,10,10,RNG2/RNG2,RNG/RNG,
1042,15.11.2019,13,15,49,37,31,13,RNG2/RNG2,RNG/RNG,
1043,19.11.2019,43,04,16,03,44,10,RNG2/RNG2,RNG/RNG,
1044,22.11.2019,26,20,17,05,18,07,RNG2/RNG2,RNG/RNG,
1045,26.11.2019,32,08,02,11,13,03,RNG2/RNG2,RNG/RNG,
1046,29.11.2019,21,06,49,11,25,12,RNG2/RNG2,RNG/RNG,
1047,03.12.2019,23,05,15,45,06,06,RNG2/RNG2,RNG/RNG,
1048,06.12.2019,33,12,49,34,19,08,RNG3/RNG3,RNG/RNG,
1049,10.12.2019,18,40,24,50,21,17,RNG2/RNG2,RNG/RNG,
1050,13.12.2019,13,01,25,34,09,10,RNG2/RNG2,RNG/RNG,
1051,17.12.2019,27,33,38,48,15,01,RNG2/RNG2,RNG/RNG,
1052,20.12.2019,08,40,22,36,10,20,RNG2/RNG2,RNG/RNG,
1053,24.12.2019,41,29,18,46,14,06,RNG2/RNG2,RNG/RNG,
1054,27.12.2019,34,38,04,36,13,04,RNG2/RNG2,RNG/RNG,
1055,31.12.2019,49,44,22,50,31,08,RNG2/RNG2,RNG/RNG,
1056,03.01.2020,50,09,43,08,18,12,RNG2/RNG2,RNG/RNG,
1057,07.01.2020,08,04,49,35,18,10,RNG2/RNG2,RNG/RNG,
1058,10.01.2020,28,40,23,30,25,13,RNG2/RNG2,RNG/RNG,
1059,14.01.2020,43,09,11,32,10,15,RNG2/RNG2,RNG/RNG,
1060,17.01.2020,31,18,07,26,08,16,RNG2/RNG2,RNG/RNG,
1061,21.01.2020,42,49,32,18,14,17,RNG2/RNG2,RNG/RNG,
1062,24.01.2020,11,05,48,49,26,12,RNG2/RNG2,RNG/RNG,
1063,28.01.2020,18,49,36,31,14,09,RNG2/RNG2,RNG/RNG,
1064,31.01.2020,11,34,14,18,29,15,RNG2/RNG2,RNG/RNG,
1065,04.02.2020,15,37,45,03,23,18,RNG2/RNG2,RNG/RNG,
1066,07.02.2020,02,47,29,04,38,01,RNG2/RNG2,RNG/RNG,
1067,11.02.2020,43,09,40,22,46,01,RNG2/RNG2,RNG/RNG,
1068,14.02.2020,40,19,50,49,02,06,RNG2/RNG2,RNG/RNG,
1069,18.02.2020,49,17,36,20,14,02,RNG2/RNG2,RNG/RNG,
1070,21.02.2020,30,34,04,36,18,20,RNG2/RNG2,RNG/RNG,
1071,25.02.2020,26,17,10,04,31,11,RNG2/RNG2,RNG/RNG,
1072,28.02.2020,49,01,37,31,50,02,RNG2/RNG2,RNG/RNG,
1073,03.03.2020,18,27,44,17,11,08,RNG2/RNG2,RNG/RNG,
1074,06.03.2020,26,06,28,47,23,06,RNG2/RNG2,RNG/RNG,
1075,10.03.2020,50,25,24,06,08,10,RNG2/RNG2,RNG/RNG,
1076,13.03.2020,06,50,12,22,05,11,RNG2/RNG2,RNG/RNG,
1077,17.03.2020,29,16,34,38,49,14,RNG2/RNG2,RNG/RNG,
1078,20.03.2020,09,04,21,36,16,14,RNG2/RNG2,RNG/RNG,
1079,24.03.2020,12,45,46,41,04,05,RNG2/RNG2,RNG/RNG,
1080,27.03.2020,08,38,03,18,45,03,RNG2/RNG2,RNG/RNG,
1081,31.03.2020,49,14,43,28,20,05,RNG2/RNG2,RNG/RNG,
1082,03.04.2020,29,09,32,10,45,09,RNG2/RNG2,RNG/RNG,
1083,07.04.2020,32,34,13,04,42,09,RNG2/RNG2,RNG/RNG,
1084,10.04.2020,22,14,24,41,07,16,RNG2/RNG2,RNG/RNG,
1085,14.04.2020,46,11,31,06,25,09,RNG2/RNG2,RNG/RNG,
1086,17.04.2020,25,16,23,20,19,10,RNG2/RNG2,RNG/RNG,
1087,21.04.2020,50,46,21,13,08,13,RNG2/RNG2,RNG/RNG,
1088,24.04.2020,10,50,42,22,12,18,RNG2/RNG2,RNG/RNG,
1089,28.04.2020,36,06,45,12,32,04,RNG2/RNG2,RNG/RNG,
1090,01.05.2020,12,43,48,49,20,06,RNG2/RNG2,RNG/RNG,
1091,05.05.2020,06,46,49,22,41,03,RNG2/RNG2,RNG/RNG,
1092,08.05.2020,35,21,12,45,30,18,RNG2/RNG2,RNG/RNG,
1093,12.05.2020,45,22,44,06,34,11,RNG2/RNG2,RNG/RNG,
1094,15.05.2020,47,19,13,05,07,04,RNG2/RNG2,RNG/RNG,
1095,19.05.2020,44,15,36,19,09,10,RNG2/RNG2,RNG/RNG,
1096,22.05.2020,45,24,09,41,10,15,RNG2/RNG2,RNG/RNG,
1097,26.05.2020,39,34,42,25,15,04,RNG2/RNG2,RNG/RNG,
1098,29.05.2020,27,45,04,34,30,20,RNG2/RNG2,RNG/RNG,
1099,02.06.2020,15,46,41,29,05,14,RNG2/RNG2,RNG/RNG,
1100,05.06.2020,48,28,23,40,14,03,RNG2/RNG2,RNG/RNG,
1101,09.06.2020,49,05,43,50,37,03,RNG2/RNG2,RNG/RNG,
1102,12.06.2020,38,48,09,27,43,15,RNG2/RNG2,RNG/RNG,
1103,16.06.2020,27,41,29,26,04,15,RNG2/RNG2,RNG/RNG,
1104,19.06.2020,21,29,28,33,48,07,RNG2/RNG2,RNG/RNG,
1105,23.06.2020,36,16,02,47,07,18,RNG2/RNG2,RNG/RNG,
1106,26.06.2020,50,20,11,34,21,07,RNG2/RNG2,RNG/RNG,
1107,30.06.2020,39,27,02,11,36,03,RNG2/RNG2,RNG/RNG,
1108,03.07.2020,15,07,25,02,41,01,RNG2/RNG2,RNG/RNG,
1109,07.07.2020,13,20,45,07,02,18,RNG2/RNG2,RNG/RNG,
1110,10.07.2020,11,44,46,16,50,01,RNG2/RNG2,RNG/RNG,
1111,14.07.2020,49,28,21,48,20,03,RNG2/RNG2,RNG/RNG,
1112,17.07.2020,15,24,38,12,30,06,RNG2/RNG2,RNG/RNG,
1113,21.07.2020,41,17,22,20,32,03,RNG2/RNG2,RNG/RNG,
1114,24.07.2020,34,06,27,04,11,10,RNG2/RNG2,RNG/RNG,
1115,28.07.2020,30,40,28,38,03,08,RNG2/RNG2,RNG/RNG,
1116,31.07.2020,06,30,46,18,48,11,RNG2/RNG2,RNG/RNG,
1117,04.08.2020,28,34,47,38,04,16,RNG2/RNG2,RNG/RNG,
1118,07.08.2020,48,45,30,11,42,12,RNG2/RNG2,RNG/RNG,
1119,11.08.2020,42,29,27,40,39,06,RNG2/RNG2,RNG/RNG,
1120,14.08.2020,25,16,10,11,30,01,RNG2/RNG2,RNG/RNG,
1121,18.08.2020,22,30,06,39,49,02,RNG2/RNG2,RNG/RNG,
1122,21.08.2020,41,13,33,40,32,01,RNG2/RNG2,RNG/RNG,
1123,25.08.2020,34,48,07,20,32,01,RNG2/RNG2,RNG/RNG,
1124,28.08.2020,45,44,17,10,08,12,RNG2/RNG2,RNG/RNG,
1125,01.09.2020,36,22,21,16,39,05,RNG2/RNG2,RNG/RNG,
1126,04.09.2020,12,11,43,02,03,13,RNG2/RNG2,RNG/RNG,
1127,08.09.2020,13,50,36,12,14,06,RNG2/RNG2,RNG/RNG,
1128,11.09.2020,49,04,12,01,10,18,RNG2/RNG2,RNG/RNG,
1129,15.09.2020,32,18,40,03,46,07,RNG2/RNG2,RNG/RNG,
1130,18.09.2020,44,24,29,19,08,08,RNG2/RNG2,RNG/RNG,
1131,22.09.2020,31,10,03,28,41,07,RNG2/RNG2,RNG/RNG,
1132,25.09.2020,18,17,02,37,27,04,RNG2/RNG2,RNG/RNG,
1133,29.09.2020,07,16,38,28,12,13,RNG2/RNG2,RNG/RNG,
1134,02.10.2020,08,41,10,23,50,09,RNG2/RNG2,RNG/RNG,
1135,06.10.2020,33,29,25,06,21,09,RNG2/RNG2,RNG/RNG,
1136,09.10.2020,08,50,41,38,21,04,RNG2/RNG2,RNG/RNG,
1137,13.10.2020,28,13,20,15,27,07,RNG2/RNG2,RNG/RNG,
1138,16.10.2020,48,07,37,18,01,13,RNG2/RNG2,RNG/RNG,
1139,20.10.2020,32,45,15,29,20,04,RNG2/RNG2,RNG/RNG,
1140,23.10.2020,03,43,41,36,06,17,RNG2/RNG2,RNG/RNG,
1141,27.10.2020,25,19,45,41,46,12,RNG2/RNG2,RNG/RNG,
1142,30.10.2020,36,27,46,49,04,16,RNG2/RNG2,RNG/RNG,
1143,03.11.2020,02,01,36,25,39,12,RNG2/RNG2,RNG/RNG,
1144,06.11.2020,09,44,40,33,06,11,RNG2/RNG2,RNG/RNG,
1145,10.11.2020,23,35,06,36,30,14,RNG2/RNG2,RNG/RNG,
1146,13.11.2020,16,01,19,24,11,19,RNG2/RNG2,RNG/RNG,
1147,17.11.2020,38,12,11,36,37,12,RNG2/RNG2,RNG/RNG,
1148,20.11.2020,50,10,07,13,22,12,RNG2/RNG2,RNG/RNG,
1149,24.11.2020,15,43,30,47,13,18,RNG2/RNG2,RNG/RNG,
1150,27.11.2020,34,29,13,49,36,18,RNG2/RNG2,RNG/RNG,
1151,01.12.2020,08,05,09,07,06,10,RNG2/RNG2,RNG/RNG,
1152,04.12.2020,30,15,13,50,24,09,RNG2/RNG2,RNG/RNG,
1153,08.12.2020,37,16,40,06,35,02,RNG2/RNG2,RNG/RNG,
1154,11.12.2020,25,13,36,49,18,19,RNG2/RNG2,RNG/RNG,
1155,15.12.2020,13,34,03,07,50,06,RNG2/RNG2,RNG/RNG,
1156,18.12.2020,20,47,24,28,22,14,RNG2/RNG2,RNG/RNG,
1157,22.12.2020,27,15,42,09,12,14,RNG2/RNG2,RNG/RNG,
1158,29.12.2020,17,15,24,28,30,19,RNG2/RNG2,RNG/RNG,
1159,01.01.2021,01,30,44,24,07,01,RNG2/RNG2,RNG/RNG,
1160,05.01.2021,42,48,46,17,04,14,RNG2/RNG2,RNG/RNG,
1161,08.01.2021,32,28,11,41,16,06,RNG2/RNG2,RNG/RNG,
1162,12.01.2021,36,13,28,37,11,15,RNG2/RNG2,RNG/RNG,
1163,15.01.2021,24,48,40,31,45,20,RNG2/RNG2,RNG/RNG,
1164,19.01.2021,42,45,28,16,13,11,RNG2/RNG2,RNG/RNG,
1165,22.01.2021,11,14,37,36,44,19,RNG2/RNG2,RNG/RNG,
1166,26.01.2021,04,12,08,15,19,17,RNG2/RNG2,RNG/RNG,
1167,29.01.2021,47,11,22,02,16,19,RNG2/RNG2,RNG/RNG,
1168,02.02.2021,13,06,22,34,49,10,RNG2/RNG2,RNG/RNG,
1169,05.02.2021,50,19,16,20,08,18,RNG2/RNG2,RNG/RNG,
1170,09.02.2021,04,15,32,07,30,10,RNG2/RNG2,RNG/RNG,
1171,12.02.2021,41,39,03,35,15,05,RNG2/RNG2,RNG/RNG,
1172,16.02.2021,18,45,31,36,05,08,RNG2/RNG2,RNG/RNG,
1173,19.02.2021,47,25,03,17,20,03,RNG2/RNG2,RNG/RNG,
1174,23.02.2021,42,13,25,08,32,16,RNG2/RNG2,RNG/RNG,
1175,26.02.2021,41,07,01,44,03,11,RNG2/RNG2,RNG/RNG,
1176,02.03.2021,01,21,11,42,32,11,RNG2/RNG2,RNG/RNG,
1177,05.03.2021,48,40,15,39,06,17,RNG2/RNG2,RNG/RNG,
1178,09.03.2021,41,36,37,30,28,07,RNG2/RNG2,RNG/RNG,
1179,12.03.2021,29,07,34,15,39,02,RNG2/RNG2,RNG/RNG,
1180,16.03.2021,32,36,20,21,11,18,RNG2/RNG2,RNG/RNG,
1181,19.03.2021,16,05,46,32,27,18,RNG2/RNG2,RNG/RNG,
1182,23.03.2021,07,34,10,09,18,16,RNG3/RNG3,RNG/RNG,
1183,26.03.2021,42,27,25,47,05,15,RNG2/RNG2,RNG/RNG,
1184,30.03.2021,38,24,16,07,25,09,RNG2/RNG2,RNG/RNG,
1185,02.04.2021,25,08,04,15,26,17,RNG2/RNG2,RNG/RNG,
1186,06.04.2021,42,03,21,45,13,08,RNG2/RNG2,RNG/RNG,
1187,09.04.2021,46,31,39,18,45,17,RNG2/RNG2,RNG/RNG,
1188,13.04.2021,22,42,06,08,31,15,RNG2/RNG2,RNG/RNG,
1189,16.04.2021,25,49,02,12,05,20,RNG2/RNG2,RNG/RNG,
1190,20.04.2021,12,05,32,49,03,19,RNG2/RNG2,RNG/RNG,
1191,23.04.2021,19,35,05,30,14,12,RNG2/RNG2,RNG/RNG,
1192,27.04.2021,22,49,08,29,01,18,RNG2/RNG2,RNG/RNG,
1193,30.04.2021,06,12,45,38,22,04,RNG2/RNG2,RNG/RNG,
1194,04.05.2021,09,03,39,17,25,13,RNG2/RNG2,RNG/RNG,
1195,07.05.2021,19,20,07,04,49,19,RNG2/RNG2,RNG/RNG,
1196,11.05.2021,38,10,04,17,29,20,RNG2/RNG2,RNG/RNG,
1197,14.05.2021,48,31,16,03,28,11,RNG2/RNG2,RNG/RNG,
1198,18.05.2021,30,45,04,35,11,12,RNG2/RNG2,RNG/RNG,
1199,21.05.2021,50,21,19,24,45,05,RNG2/RNG2,RNG/RNG,
1200,25.05.2021,04,25,08,03,44,15,RNG2/RNG2,RNG/RNG,
1201,28.05.2021,36,44,33,38,31,04,RNG2/RNG2,RNG/RNG,
1202,01.06.2021,37,42,05,23,03,11,RNG2/RNG2,RNG/RNG,
1203,04.06.2021,44,37,34,39,17,10,RNG2/RNG2,RNG/RNG,
1204,08.06.2021,28,03,50,17,01,07,RNG2/RNG2,RNG/RNG,
1205,11.06.2021,48,09,37,27,12,07,RNG2/RNG2,RNG/RNG,
1206,15.06.2021,23,44,24,27,13,10,RNG2/RNG2,RNG/RNG,
1207,18.06.2021,28,49,19,08,03,11,RNG2/RNG2,RNG/RNG,
1208,22.06.2021,03,41,11,33,24,16,RNG2/RNG2,RNG/RNG,
1209,25.06.2021,16,46,34,36,04,06,RNG2/RNG2,RNG/RNG,
1210,29.06.2021,45,06,41,35,43,04,RNG2/RNG2,RNG/RNG,
1211,02.07.2021,43,38,20,34,30,07,RNG2/RNG2,RNG/RNG,
1212,06.07.2021,18,39,26,16,01,08,RNG2/RNG2,RNG/RNG,
1213,09.07.2021,12,31,03,29,38,15,RNG2/RNG2,RNG/RNG,
1214,13.07.2021,28,38,42,29,02,02,RNG2/RNG2,RNG/RNG,
1215,16.07.2021,20,45,22,41,25,05,RNG2/RNG2,RNG/RNG,
1216,20.07.2021,07,40,33,42,32,06,RNG2/RNG2,RNG/RNG,
1217,23.07.2021,49,47,45,21,48,18,RNG2/RNG2,RNG/RNG,
1218,27.07.2021,28,05,29,12,15,14,RNG2/RNG2,RNG/RNG,
1219,30.07.2021,12,04,35,50,27,01,RNG2/RNG2,RNG/RNG,
1220,03.08.2021,18,16,34,08,30,04,RNG2/RNG2,RNG/RNG,
1221,06.08.2021,18,20,07,13,25,06,RNG2/RNG2,RNG/RNG,
1222,10.08.2021,13,12,01,33,04,06,RNG2/RNG2,RNG/RNG,
1223,13.08.2021,41,50,23,05,42,02,RNG2/RNG2,RNG/RNG,
1224,17.08.2021,30,10,48,23,18,01,RNG2/RNG2,RNG/RNG,
1225,20.08.2021,37,50,21,33,06,18,RNG2/RNG2,RNG/RNG,
1226,24.08.2021,34,21,35,41,23,09,RNG2/RNG2,RNG/RNG,
1227,27.08.2021,47,45,06,11,10,13,RNG2/RNG2,RNG/RNG,
1228,31.08.2021,09,42,48,35,10,20,RNG2/RNG2,RNG/RNG,
1229,03.09.2021,42,43,18,09,02,08,RNG2/RNG2,RNG/RNG,
1230,07.09.2021,40,13,02,19,11,02,RNG2/RNG2,RNG/RNG,
1231,10.09.2021,17,08,43,28,12,13,RNG2/RNG2,RNG/RNG,
1232,14.09.2021,35,18,23,31,16,10,RNG2/RNG2,RNG/RNG,
1233,17.09.2021,10,26,17,39,08,14,RNG2/RNG2,RNG/RNG,
1234,21.09.2021,26,18,47,41,44,04,RNG2/RNG2,RNG/RNG,
1235,24.09.2021,31,24,43,17,14,15,RNG2/RNG2,RNG/RNG,
1236,28.09.2021,20,15,13,28,29,15,RNG2/RNG2,RNG/RNG,
1237,01.10.2021,24,40,25,38,49,02,RNG2/RNG2,RNG/RNG,
1238,05.10.2021,47,20,42,02,13,03,RNG2/RNG2,RNG/RNG,
1239,08.10.2021,14,24,18,38,04,09,RNG2/RNG2,RNG/RNG,
1240,12.10.2021,32,39,36,23,30,12,RNG2/RNG2,RNG/RNG,
1241,15.10.2021,48,15,30,44,45,15,RNG2/RNG2,RNG/RNG,
1242,19.10.2021,19,21,24,41,15,02,RNG2/RNG2,RNG/RNG,
1243,22.10.2021,47,40,17,08,03,13,RNG2/RNG2,RNG/RNG,
1244,26.10.2021,15,19,27,49,08,04,RNG2/RNG2,RNG/RNG,
1245,29.10.2021,29,42,49,45,47,08,RNG2/RNG2,RNG/RNG,
1246,02.11.2021,26,24,38,25,11,20,RNG2/RNG2,RNG/RNG,
1247,05.11.2021,40,42,15,09,38,02,RNG2/RNG2,RNG/RNG,
1248,09.11.2021,44,32,15,43,13,03,RNG2/RNG2,RNG/RNG,
1249,12.11.2021,41,24,49,27,02,17,RNG2/RNG2,RNG/RNG,
1250,16.11.2021,09,50,36,42,08,04,RNG2/RNG2,RNG/RNG,
1251,19.11.2021,40,50,16,04,39,09,RNG2/RNG2,RNG/RNG,
1252,23.11.2021,18,24,03,28,21,01,RNG2/RNG2,RNG/RNG,
1253,26.11.2021,38,19,11,07,05,14,RNG2/RNG2,RNG/RNG,
1254,30.11.2021,22,31,17,02,35,04,RNG2/RNG2,RNG/RNG,
1255,03.12.2021,31,09,20,19,30,10,RNG2/RNG2,RNG/RNG,
1256,07.12.2021,19,17,04,23,07,14,RNG2/RNG2,RNG/RNG,
1257,10.12.2021,23,27,24,48,49,03,RNG2/RNG2,RNG/RNG,
1258,14.12.2021,30,19,37,05,43,16,RNG2/RNG2,RNG/RNG,
1259,17.12.2021,48,28,19,38,34,04,RNG2/RNG2,RNG/RNG,
1260,21.12.2021,47,35,13,50,46,05,RNG2/RNG2,RNG/RNG,
1261,24.12.2021,10,41,29,11,06,16,RNG2/RNG2,RNG/RNG,
1262,28.12.2021,16,02,13,49,50,18,RNG2/RNG2,RNG/RNG,
1263,31.12.2021,27,30,38,33,49,05,RNG2/RNG2,RNG/RNG,
1264,04.01.2022,19,38,03,45,46,19,RNG2/RNG2,RNG/RNG,
1265,07.01.2022,43,37,12,42,10,02,RNG2/RNG2,RNG/RNG,
1266,11.01.2022,20,38,23,45,27,17,RNG2/RNG2,RNG/RNG,
1267,14.01.2022,29,12,26,22,49,20,RNG2/RNG2,RNG/RNG,
1268,18.01.2022,09,44,45,46,36,16,RNG2/RNG2,RNG/RNG,
1269,21.01.2022,37,19,10,14,34,12,RNG2/RNG2,RNG/RNG,
1270,25.01.2022,32,29,36,11,03,08,RNG2/RNG2,RNG/RNG,
1271,28.01.2022,26,01,48,21,12,18,RNG2/RNG2,RNG/RNG,
1272,01.02.2022,37,43,33,40,31,01,RNG2/RNG2,RNG/RNG,
1273,04.02.2022,11,02,10,23,24,11,RNG2/RNG2,RNG/RNG,
1274,08.02.2022,14,49,01,39,04,13,RNG2/RNG2,RNG/RNG,
1275,11.02.2022,36,34,09,49,18,12,RNG2/RNG2,RNG/RNG,
1276,15.02.2022,32,27,09,26,02,17,RNG2/RNG2,RNG/RNG,
1277,18.02.2022,02,48,15,47,31,15,RNG2/RNG2,RNG/RNG,
1278,22.02.2022,31,18,32,49,29,01,RNG2/RNG2,RNG/RNG,
1279,25.02.2022,06,26,12,45,40,01,RNG2/RNG2,RNG/RNG,
1280,01.03.2022,04,39,15,38,26,19,RNG2/RNG2,RNG/RNG,
1281,04.03.2022,17,49,46,33,09,05,RNG2/RNG2,RNG/RNG,
1282,08.03.2022,40,08,43,21,14,05,RNG2/RNG2,RNG/RNG,
1283,11.03.2022,24,47,11,37,05,02,RNG2/RNG2,RNG/RNG,
1284,15.03.2022,41,24,19,37,38,16,RNG2/RNG2,RNG/RNG,
1285,18.03.2022,03,19,15,12,22,08,RNG2/RNG2,RNG/RNG,
1286,22.03.2022,43,30,48,35,20,19,RNG2/RNG2,RNG/RNG,
1287,25.03.2022,50,15,32,43,28,17,RNG2/RNG2,RNG/RNG,
1288,29.03.2022,01,46,35,20,42,02,RNG2/RNG2,RNG/RNG,
1289,01.04.2022,21,17,47,37,11,07,RNG2/RNG2,RNG/RNG,
1290,05.04.2022,36,38,18,50,42,17,RNG2/RNG2,RNG/RNG,
1291,08.04.2022,07,13,38,16,12,16,RNG2/RNG2,RNG/RNG,
1292,12.04.2022,42,34,15,11,28,05,RNG2/RNG2,RNG/RNG,
1293,15.04.2022,12,10,39,35,04,04,RNG2/RNG2,RNG/RNG,
1294,19.04.2022,12,28,25,43,26,08,RNG2/RNG2,RNG/RNG,
1295,22.04.2022,13,42,30,20,38,09,RNG2/RNG2,RNG/RNG,
1296,26.04.2022,02,20,46,38,43,09,RNG2/RNG2,RNG/RNG,
1297,29.04.2022,05,34,50,10,25,16,RNG2/RNG2,RNG/RNG,
1298,03.05.2022,44,39,26,24,35,20,RNG2/RNG2,RNG/RNG,
1299,06.05.2022,38,34,30,14,04,14,RNG2/RNG2,RNG/RNG,
1300,10.05.2022,49,22,42,38,48,16,RNG2/RNG2,RNG/RNG,
1301,13.05.2022,49,14,35,09,15,13,RNG2/RNG2,RNG/RNG,
1302,17.05.2022,32,24,15,46,35,11,RNG2/RNG2,RNG/RNG,
1303,20.05.2022,19,02,24,14,39,09,RNG2/RNG2,RNG/RNG,
1304,24.05.2022,07,32,21,16,22,12,RNG2/RNG2,RNG/RNG,
1305,27.05.2022,26,24,07,27,50,18,RNG2/RNG2,RNG/RNG,
1306,31.05.2022,24,01,33,05,17,13,RNG2/RNG2,RNG/RNG,
1307,03.06.2022,20,12,21,33,17,06,RNG2/RNG2,RNG/RNG,
1308,07.06.2022,04,41,35,46,07,04,RNG2/RNG2,RNG/RNG,
1309,10.06.2022,12,26,25,27,49,13,RNG2/RNG2,RNG/RNG,
1310,14.06.2022,23,26,05,46,48,16,RNG2/RNG2,RNG/RNG,
1311,17.06.2022,46,32,48,22,04,16,RNG2/RNG2,RNG/RNG,
1312,21.06.2022,02,06,18,50,40,16,RNG2/RNG2,RNG/RNG,
1313,24.06.2022,13,25,04,38,44,13,RNG2/RNG2,RNG/RNG,
1314,28.06.2022,09,50,12,28,29,13,RNG2/RNG2,RNG/RNG,
1315,01.07.2022,21,08,13,28,06,01,RNG2/RNG2,RNG/RNG,
1316,05.07.2022,14,18,31,13,16,19,RNG2/RNG2,RNG/RNG,
1317,08.07.2022,04,09,21,37,19,15,RNG2/RNG2,RNG/RNG,
1318,12.07.2022,47,01,48,17,21,15,RNG2/RNG2,RNG/RNG,
1319,15.07.2022,36,09,44,50,03,16,RNG2/RNG2,RNG/RNG,
1320,19.07.2022,46,47,29,18,14,16,RNG2/RNG2,RNG/RNG,
1321,22.07.2022,48,20,05,18,19,01,RNG2/RNG2,RNG/RNG,
1322,26.07.2022,50,06,04,41,09,13,RNG2/RNG2,RNG/RNG,
1323,29.07.2022,28,32,36,14,07,08,RNG2/RNG2,RNG/RNG,
1324,02.08.2022,20,45,13,43,14,01,RNG2/RNG2,RNG/RNG,
1325,05.08.2022,32,18,44,21,16,18,RNG2/RNG2,RNG/RNG,
1326,09.08.2022,06,43,26,42,39,01,RNG2/RNG2,RNG/RNG,
1327,12.08.2022,30,39,44,38,24,16,RNG2/RNG2,RNG/RNG,
1328,16.08.2022,33,40,42,21,48,02,RNG2/RNG2,RNG/RNG,
1329,19.08.2022,40,23,39,36,43,03,RNG2/RNG2,RNG/RNG,
1330,23.08.2022,40,11,29,10,17,15,RNG2/RNG2,RNG/RNG,
1331,26.08.2022,23,03,17,11,45,15,RNG2/RNG2,RNG/RNG,
1332,30.08.2022,01,10,35,07,27,17,RNG2/RNG2,RNG/RNG,
1333,02.09.2022,41,18,12,01,20,05,RNG2/RNG2,RNG/RNG,
1334,06.09.2022,26,02,34,08,31,05,RNG2/RNG2,RNG/RNG,
1335,09.09.2022,14,35,22,09,47,04,RNG2/RNG2,RNG/RNG,
1336,13.09.2022,10,20,01,11,33,11,RNG3/RNG3,RNG/RNG,
1337,16.09.2022,29,28,16,07,27,17,RNG2/RNG2,RNG/RNG,
1338,20.09.2022,45,23,16,47,13,17,RNG2/RNG2,RNG/RNG,
1339,23.09.2022,25,09,47,46,42,16,RNG2/RNG2,RNG/RNG,
1340,27.09.2022,04,46,32,39,40,06,RNG2/RNG2,RNG/RNG,
1341,30.09.2022,07,35,29,50,27,03,RNG2/RNG2,RNG/RNG,
1342,04.10.2022,23,41,38,27,24,02,RNG2/RNG2,RNG/RNG,
1343,07.10.2022,33,12,03,16,45,15,RNG2/RNG2,RNG/RNG,
1344,11.10.2022,34,29,12,02,25,16,RNG2/RNG2,RNG/RNG,
1345,14.10.2022,22,33,06,37,17,02,RNG2/RNG2,RNG/RNG,
1346,18.10.2022,06,29,14,07,48,13,RNG2/RNG2,RNG/RNG,
1347,21.10.2022,35,18,41,26,16,03,RNG2/RNG2,RNG/RNG,
1348,25.10.2022,23,27,20,46,39,06,RNG2/RNG2,RNG/RNG,
1349,28.10.2022,40,32,30,25,15,09,RNG2/RNG2,RNG/RNG,
1350,01.11.2022,06,29,03,22,47,19,RNG2/RNG2,RNG/RNG,
1351,04.11.2022,29,40,01,08,35,15,RNG2/RNG2,RNG/RNG,
1352,08.11.2022,07,17,08,10,09,17,RNG2/RNG2,RNG/RNG,
1353,11.11.2022,35,28,01,39,34,18,RNG2/RNG2,RNG/RNG,
1354,15.11.2022,16,36,05,07,41,02,RNG2/RNG2,RNG/RNG,
1355,18.11.2022,13,47,29,24,50,05,RNG2/RNG2,RNG/RNG,
1356,22.11.2022,38,05,21,18,37,19,RNG2/RNG2,RNG/RNG,
1357,25.11.2022,40,16,07,34,26,11,RNG2/RNG2,RNG/RNG,
1358,29.11.2022,38,08,04,33,06,05,RNG2/RNG2,RNG/RNG,
1359,02.12.2022,31,14,34,12,28,05,RNG2/RNG2,RNG/RNG,
1360,06.12.2022,50,09,10,47,01,11,RNG2/RNG2,RNG/RNG,
1361,09.12.2022,17,02,48,09,45,14,RNG2/RNG2,RNG/RNG,
1362,13.12.2022,43,16,23,46,36,17,RNG2/RNG2,RNG/RNG,
1363,16.12.2022,43,48,36,26,28,11,RNG2/RNG2,RNG/RNG,
1364,20.12.2022,29,24,04,19,09,02,RNG2/RNG2,RNG/RNG,
1365,23.12.2022,12,18,46,03,13,01,RNG2/RNG2,RNG/RNG,
1366,27.12.2022,19,45,03,28,24,12,RNG2/RNG2,RNG/RNG,
1367,30.12.2022,48,05,33,27,08,07,RNG2/RNG2,RNG/RNG,
1368,03.01.2023,42,33,39,02,21,11,RNG2/RNG2,RNG/RNG,
1369,06.01.2023,06,20,46,37,31,04,RNG2/RNG2,RNG/RNG,
1370,10.01.2023,50,22,37,27,08,09,RNG2/RNG2,RNG/RNG,
1371,13.01.2023,25,29,12,41,19,02,RNG2/RNG2,RNG/RNG,
1372,17.01.2023,37,09,38,39,01,05,RNG2/RNG2,RNG/RNG,
1373,20.01.2023,05,47,15,12,39,08,RNG2/RNG2,RNG/RNG,
1374,24.01.2023,32,03,40,48,10,02,RNG2/RNG2,RNG/RNG,
1375,27.01.2023,40,27,50,34,36,02,RNG2/RNG2,RNG/RNG,
1376,31.01.2023,17,50,12,29,14,20,RNG2/RNG2,RNG/RNG,
1377,03.02.2023,42,17,43,35,32,06,RNG2/RNG2,RNG/RNG,
1378,07.02.2023,23,03,32,04,49,08,RNG2/RNG2,RNG/RNG,
1379,10.02.2023,21,05,42,46,03,06,RNG2/RNG2,RNG/RNG,
1380,14.02.2023,14,21,18,49,08,11,RNG2/RNG2,RNG/RNG,
1381,17.02.2023,19,24,04,02,01,19,RNG2/RNG2,RNG/RNG,
1382,21.02.2023,36,22,18,48,10,02,RNG2/RNG2,RNG/RNG,
1383,24.02.2023,43,07,23,31,38,11,RNG2/RNG2,RNG/RNG,
1384,28.02.2023,22,02,14,40,21,19,RNG2/RNG2,RNG/RNG,
1385,03.03.2023,41,50,20,18,47,14,RNG2/RNG2,RNG/RNG,
1386,07.03.2023,08,14,15,49,27,16,RNG2/RNG2,RNG/RNG,
1387,10.03.2023,37,27,22,12,19,06,RNG2/RNG2,RNG/RNG,
1388,14.03.2023,44,29,20,42,08,16,RNG2/RNG2,RNG/RNG,
1389,17.03.2023,22,27,21,43,41,05,RNG2/RNG2,RNG/RNG,
1390,21.03.2023,22,07,34,41,28,10,RNG2/RNG2,RNG/RNG,
1391,24.03.2023,46,27,45,06,33,14,RNG2/RNG2,RNG/RNG,
1392,28.03.2023,22,49,42,10,27,19,RNG2/RNG2,RNG/RNG,
1393,31.03.2023,07,42,49,41,20,07,RNG2/RNG2,RNG/RNG,
1394,04.04.2023,33,18,35,15,29,12,RNG2/RNG2,RNG/RNG,
1395,07.04.2023,15,09,26,21,22,13,RNG2/RNG2,RNG/RNG,
1396,11.04.2023,43,49,38,30,04,19,RNG2/RNG2,RNG/RNG,
1397,14.04.2023,20,33,44,37,16,16,RNG2/RNG2,RNG/RNG,
1398,18.04.2023,03,25,08,05,15,16,RNG2/RNG2,RNG/RNG,
1399,21.04.2023,06,49,03,12,02,10,RNG2/RNG2,RNG/RNG,
1400,25.04.2023,47,12,10,23,13,16,RNG2/RNG2,RNG/RNG,
1401,28.04.2023,20,35,44,21,28,11,RNG2/RNG2,RNG/RNG,
1402,02.05.2023,41,13,16,17,43,18,RNG3/RNG3,RNG/RNG,
1403,05.05.2023,20,29,24,43,02,20,RNG3/RNG3,RNG/RNG,
1404,09.05.2023,17,16,02,04,34,19,RNG3/RNG3,RNG/RNG,
1405,12.05.2023,47,05,30,11,40,18,RNG2/RNG2,RNG/RNG,
1406,16.05.2023,01,45,36,14,05,19,RNG2/RNG2,RNG/RNG,
1407,19.05.2023,42,16,22,49,03,19,RNG2/RNG2,RNG/RNG,
1408,23.05.2023,28,24,38,20,26,13,RNG2/RNG2,RNG/RNG,
1409,26.05.2023,22,41,04,21,09,07,RNG2/RNG2,RNG/RNG,
1410,30.05.2023,07,48,38,03,50,16,RNG2/RNG2,RNG/RNG,
1411,02.06.2023,25,04,12,01,05,14,RNG2/RNG2,RNG/RNG,
1412,06.06.2023,09,03,44,38,15,12,RNG2/RNG2,RNG/RNG,
1413,09.06.2023,37,05,27,17,22,02,RNG2/RNG2,RNG/RNG,
1414,13.06.2023,35,10,31,42,28,01,RNG2/RNG2,RNG/RNG,
1415,16.06.2023,13,30,50,21,26,02,RNG2/RNG2,RNG/RNG,
1416,20.06.2023,44,48,33,24,20,06,RNG2/RNG2,RNG/RNG,
1417,23.06.2023,19,41,43,47,37,16,RNG2/RNG2,RNG/RNG,
1418,27.06.2023,07,33,46,45,21,12,RNG2/RNG2,RNG/RNG,
1419,30.06.2023,36,17,37,09,27,16,RNG2/RNG2,RNG/RNG,
1420,04.07.2023,13,29,30,31,47,08,RNG2/RNG2,RNG/RNG,
1421,07.07.2023,25,26,21,29,08,18,RNG2/RNG2,RNG/RNG,
1422,11.07.2023,22,19,20,10,48,19,RNG2/RNG2,RNG/RNG,
1423,14.07.2023,41,31,22,01,32,09,RNG2/RNG2,RNG/RNG,
1424,18.07.2023,05,45,21,33,50,05,RNG2/RNG2,RNG/RNG,
1425,21.07.2023,31,19,21,48,25,20,RNG2/RNG2,RNG/RNG,
1426,25.07.2023,48,44,24,25,14,04,RNG2/RNG2,RNG/RNG,
1427,28.07.2023,20,11,06,02,47,07,RNG2/RNG2,RNG/RNG,
1428,01.08.2023,30,38,46,01,16,10,RNG2/RNG2,RNG/RNG,
1429,04.08.2023,28,37,43,19,27,04,RNG2/RNG2,RNG/RNG,
1430,08.08.2023,39,17,18,26,46,04,RNG2/RNG2,RNG/RNG,
1431,11.08.2023,43,44,30,42,35,05,RNG2/RNG2,RNG/RNG,
1432,15.08.2023,07,38,09,16,34,11,RNG2/RNG2,RNG/RNG,
1433,18.08.2023,06,07,03,01,16,01,RNG2/RNG2,RNG/RNG,
1434,22.08.2023,19,10,29,16,05,10,RNG2/RNG2,RNG/RNG,
1435,25.08.2023,03,24,13,07,04,05,RNG2/RNG2,RNG/RNG,
1436,29.08.2023,36,44,31,23,08,17,RNG2/RNG2,RNG/RNG,
1437,01.09.2023,08,33,49,01,03,04,RNG2/RNG2,RNG/RNG,
1438,05.09.2023,12,18,50,04,24,12,RNG2/RNG2,RNG/RNG,
1439,08.09.2023,36,08,05,35,14,12,RNG2/RNG2,RNG/RNG,
1440,12.09.2023,15,45,36,18,03,20,RNG2/RNG2,RNG/RNG,
1441,15.09.2023,35,46,21,28,03,19,RNG2/RNG2,RNG/RNG,
1442,19.09.2023,18,15,36,43,46,18,RNG2/RNG2,RNG/RNG,
1443,22.09.2023,09,08,19,26,27,05,RNG2/RNG2,RNG/RNG,
1444,26.09.2023,22,44,25,35,08,02,RNG2/RNG2,RNG/RNG,
1445,29.09.2023,27,06,31,14,47,14,RNG2/RNG2,RNG/RNG,
1446,03.10.2023,15,24,08,45,03,14,RNG2/RNG2,RNG/RNG,
1447,06.10.2023,41,49,25,19,21,09,RNG2/RNG2,RNG/RNG,
1448,10.10.2023,15,20,19,07,49,10,RNG2/RNG2,RNG/RNG,
1449,13.10.2023,44,09,11,39,41,19,RNG2/RNG2,RNG/RNG,
1450,17.10.2023,36,49,18,29,05,18,RNG2/RNG2,RNG/RNG,
1451,20.10.2023,07,18,42,03,13,12,RNG2/RNG2,RNG/RNG,
1452,24.10.2023,33,46,37,01,10,04,RNG3/RNG3,RNG/RNG,
1453,27.10.2023,17,31,16,21,36,15,RNG3/RNG3,RNG/RNG,
1454,31.10.2023,19,48,15,36,10,04,RNG2/RNG2,RNG/RNG,
1455,03.11.2023,08,24,31,01,26,02,RNG3/RNG3,RNG/RNG,
1456,07.11.2023,03,31,28,13,40,15,RNG2/RNG2,RNG/RNG,
1457,10.11.2023,21,37,18,46,03,03,RNG2/RNG2,RNG/RNG,
1458,14.11.2023,44,33,10,24,30,20,RNG2/RNG2,RNG/RNG,
1459,17.11.2023,30,24,42,20,04,08,RNG2/RNG2,RNG/RNG,
1460,21.11.2023,49,13,03,24,45,10,RNG2/RNG2,RNG/RNG,
1461,24.11.2023,32,21,40,47,41,04,RNG2/RNG2,RNG/RNG,
1462,28.11.2023,46,17,25,26,04,05,RNG2/RNG2,RNG/RNG,
1463,01.12.2023,18,48,46,16,44,08,RNG2/RNG2,RNG/RNG,
1464,05.12.2023,20,30,19,39,21,12,RNG2/RNG2,RNG/RNG,
1465,08.12.2023,24,32,02,33,22,01,RNG2/RNG2,RNG/RNG,
1466,12.12.2023,15,09,07,41,38,17,RNG2/RNG2,RNG/RNG,
1467,15.12.2023,44,38,34,16,24,13,RNG2/RNG2,RNG/RNG,
1468,19.12.2023,28,25,04,17,35,02,RNG2/RNG2,RNG/RNG,
1469,22.12.2023,29,27,34,38,24,16,RNG2/RNG2,RNG/RNG,
1470,26.12.2023,29,38,30,34,06,12,RNG2/RNG2,RNG/RNG,
1471,29.12.2023,49,48,17,38,21,15,RNG2/RNG2,RNG/RNG,
1472,02.01.2024,09,46,20,23,50,05,RNG2/RNG2,RNG/RNG,
1473,05.01.2024,43,18,50,31,02,07,RNG2/RNG2,RNG/RNG,
1474,09.01.2024,20,24,33,12,43,19,RNG2/RNG2,RNG/RNG,
1475,12.01.2024,36,45,49,29,15,05,RNG2/RNG2,RNG/RNG,
1476,16.01.2024,47,05,40,29,42,06,RNG2/RNG2,RNG/RNG,
1477,19.01.2024,41,20,46,18,11,15,RNG2/RNG2,RNG/RNG,
1478,23.01.2024,16,21,39,09,26,16,RNG2/RNG2,RNG/RNG,
1479,26.01.2024,06,21,13,01,20,12,RNG2/RNG2,RNG/RNG,
1480,30.01.2024,39,08,44,01,30,03,RNG2/RNG2,RNG/RNG,
1481,02.02.2024,37,46,43,35,21,19,RNG2/RNG2,RNG/RNG,
1482,06.02.2024,02,28,06,10,18,15,RNG2/RNG2,RNG/RNG,
1483,09.02.2024,29,36,16,24,08,17,RNG2/RNG2,RNG/RNG,
1484,13.02.2024,13,15,32,30,46,17,RNG2/RNG2,RNG/RNG,
1485,16.02.2024,33,35,48,46,18,16,RNG2/RNG2,RNG/RNG,
1486,20.02.2024,32,21,13,16,04,04,RNG2/RNG2,RNG/RNG,
1487,23.02.2024,38,03,35,19,22,17,RNG3/RNG3,RNG/RNG,
1488,27.02.2024,12,39,33,43,13,04,RNG2/RNG2,RNG/RNG,
1489,01.03.2024,46,35,10,30,42,10,RNG2/RNG2,RNG/RNG,
1490,05.03.2024,27,31,04,23,02,04,RNG2/RNG2,RNG/RNG,
1491,08.03.2024,27,19,07,18,28,14,RNG2/RNG2,RNG/RNG,
1492,12.03.2024,02,47,48,21,18,09,RNG2/RNG2,RNG/RNG,
1493,15.03.2024,04,33,09,20,22,20,RNG2/RNG2,RNG/RNG,
1494,19.03.2024,15,36,26,07,19,15,RNG2/RNG2,RNG/RNG,
1495,22.03.2024,09,44,43,36,10,07,RNG2/RNG2,RNG/RNG,
1496,26.03.2024,15,35,41,45,11,12,RNG2/RNG2,RNG/RNG,
1497,29.03.2024,13,25,24,35,01,04,RNG2/RNG2,RNG/RNG,
1498,02.04.2024,13,47,20,39,28,18,RNG2/RNG2,RNG/RNG,
1499,05.04.2024,06,28,08,36,16,18,RNG2/RNG2,RNG/RNG,
1500,09.04.2024,31,42,05,36,07,10,RNG2/RNG2,RNG/RNG,
1501,12.04.2024,26,42,43,45,22,20,RNG2/RNG2,RNG/RNG,
1502,16.04.2024,14,26,06,41,32,03,RNG2/RNG2,RNG/RNG,
1503,19.04.2024,48,18,04,44,17,19,RNG2/RNG2,RNG/RNG,
1504,23.04.2024,42,37,26,20,13,07,RNG2/RNG2,RNG/RNG,
1505,26.04.2024,32,13,12,17,05,12,RNG2/RNG2,RNG/RNG,
1506,30.04.2024,36,33,08,14,05,02,RNG2/RNG2,RNG/RNG,
1507,03.05.2024,31,44,33,28,37,02,RNG3/RNG3,RNG/RNG,
1508,07.05.2024,40,10,04,02,39,11,RNG2/RNG2,RNG/RNG,
1509,10.05.2024,09,33,43,21,44,10,RNG2/RNG2,RNG/RNG,
1510,14.05.2024,04,41,09,39,44,19,RNG2/RNG2,RNG/RNG,
1511,17.05.2024,31,32,22,18,23,18,RNG2/RNG2,RNG/RNG,
1512,21.05.2024,38,03,26,16,09,08,RNG2/RNG2,RNG/RNG,
1513,24.05.2024,16,14,25,04,18,11,RNG2/RNG2,RNG/RNG,
1514,28.05.2024,45,02,03,39,23,14,RNG2/RNG2,RNG/RNG,
1515,31.05.2024,43,20,35,22,17,07,RNG2/RNG2,RNG/RNG,
1516,04.06.2024,38,41,42,15,04,17,RNG2/RNG2,RNG/RNG,
1517,07.06.2024,17,06,09,37,41,19,RNG2/RNG2,RNG/RNG,
1518,11.06.2024,43,22,25,12,50,16,RNG2/RNG2,RNG/RNG,
1519,14.06.2024,40,19,45,49,24,07,RNG2/RNG2,RNG/RNG,
1520,18.06.2024,49,13,18,45,09,02,RNG2/RNG2,RNG/RNG,
1521,21.06.2024,33,09,30,29,49,10,RNG2/RNG2,RNG/RNG,
1522,25.06.2024,32,42,03,49,40,05,RNG2/RNG2,RNG/RNG,
1523,28.06.2024,31,22,47,19,40,05,RNG2/RNG2,RNG/RNG,
1524,02.07.2024,32,42,15,20,06,05,RNG2/RNG2,RNG/RNG,
1525,05.07.2024,49,19,22,18,38,15,RNG2/RNG2,RNG/RNG,
1526,09.07.2024,07,45,19,02,31,04,RNG2/RNG2,RNG/RNG,
1527,12.07.2024,44,05,37,10,26,15,RNG3/RNG3,RNG/RNG,
1528,16.07.2024,48,10,22,49,02,07,RNG2/RNG2,RNG/RNG,
1529,19.07.2024,02,09,31,37,06,06,RNG2/RNG2,RNG/RNG,
1530,23.07.2024,26,48,03,16,11,07,RNG2/RNG2,RNG/RNG,
1531,26.07.2024,12,09,06,38,39,17,RNG2/RNG2,RNG/RNG,
1532,30.07.2024,46,32,07,20,15,04,RNG2/RNG2,RNG/RNG,
1533,02.08.2024,31,10,05,32,02,11,RNG2/RNG2,RNG/RNG,
1534,06.08.2024,46,31,34,05,40,10,RNG2/RNG2,RNG/RNG,
1535,09.08.2024,44,28,07,37,13,06,RNG2/RNG2,RNG/RNG,
1536,13.08.2024,35,46,42,34,06,11,RNG2/RNG2,RNG/RNG,
1537,16.08.2024,36,09,22,15,14,01,RNG2/RNG2,RNG/RNG,
1538,20.08.2024,13,05,40,07,23,07,RNG2/RNG2,RNG/RNG,
1539,23.08.2024,37,20,22,40,39,07,RNG2/RNG2,RNG/RNG,
1540,27.08.2024,35,13,42,49,39,02,RNG2/RNG2,RNG/RNG,
1541,30.08.2024,48,43,33,08,27,14,RNG2/RNG2,RNG/RNG,
1542,03.09.2024,38,02,30,09,47,02,RNG2/RNG2,RNG/RNG,
1543,06.09.2024,46,17,10,23,44,04,RNG2/RNG2,RNG/RNG,
1544,10.09.2024,17,47,16,48,18,06,RNG2/RNG2,RNG/RNG,
1545,13.09.2024,10,25,43,02,37,07,RNG2/RNG2,RNG/RNG,
1546,17.09.2024,26,49,43,23,44,16,RNG2/RNG2,RNG/RNG,
1547,20.09.2024,12,18,16,47,06,19,RNG2/RNG2,RNG/RNG,
1548,24.09.2024,23,31,38,19,30,19,RNG2/RNG2,RNG/RNG,
1549,27.09.2024,12,22,43,47,29,10,RNG2/RNG2,RNG/RNG,
1550,01.10.2024,25,03,39,14,10,01,RNG2/RNG2,RNG/RNG,
1551,04.10.2024,02,42,48,24,08,17,RNG2/RNG2,RNG/RNG,
1552,08.10.2024,03,31,13,40,37,09,RNG2/RNG2,RNG/RNG,
1553,11.10.2024,46,08,03,48,13,11,RNG2/RNG2,RNG/RNG,
1554,15.10.2024,14,39,44,32,35,17,RNG2/RNG2,RNG/RNG,
1555,18.10.2024,04,12,28,48,33,14,RNG2/RNG2,RNG/RNG,
1556,22.10.2024,49,27,45,02,23,12,RNG2/RNG2,RNG/RNG,
1557,25.10.2024,42,10,38,49,39,17,RNG2/RNG2,RNG/RNG,
1558,29.10.2024,19,01,40,37,30,16,RNG2/RNG2,RNG/RNG,
1559,01.11.2024,17,29,12,03,38,18,RNG2/RNG2,RNG/RNG,
1560,05.11.2024,14,43,36,20,10,17,RNG2/RNG2,RNG/RNG,
1561,08.11.2024,35,45,05,04,29,07,RNG2/RNG2,RNG/RNG,
1562,12.11.2024,18,39,05,04,42,14,RNG2/RNG2,RNG/RNG,
1563,15.11.2024,31,18,21,23,05,18,RNG2/RNG2,RNG/RNG,
1564,19.11.2024,17,21,11,03,37,06,RNG2/RNG2,RNG/RNG,
1565,22.11.2024,19,43,49,17,15,08,RNG2/RNG2,RNG/RNG,
1566,26.11.2024,12,36,18,22,38,12,RNG2/RNG2,RNG/RNG,
1567,29.11.2024,32,27,16,40,05,01,RNG2/RNG2,RNG/RNG,
1568,03.12.2024,09,27,23,06,11,10,RNG2/RNG2,RNG/RNG,
1569,06.12.2024,05,19,32,35,15,11,RNG2/RNG2,RNG/RNG,
1570,10.12.2024,39,01,06,44,29,17,RNG2/RNG2,RNG/RNG,
1571,13.12.2024,39,49,40,28,03,14,RNG2/RNG2,RNG/RNG,
1572,17.12.2024,28,12,21,40,32,12,RNG2/RNG2,RNG/RNG,
1573,20.12.2024,16,20,41,48,01,08,RNG2/RNG2,RNG/RNG,
1574,24.12.2024,12,08,05,18,07,09,RNG2/RNG2,RNG/RNG,
1575,27.12.2024,06,30,23,10,47,18,RNG2/RNG2,RNG/RNG,
1576,31.12.2024,01,26,31,32,47,02,RNG2/RNG2,RNG/RNG,
1577,03.01.2025,06,10,47,25,09,01,RNG2/RNG2,RNG/RNG,
1578,07.01.2025,09,42,27,12,39,18,RNG2/RNG2,RNG/RNG,
1579,10.01.2025,10,33,47,44,14,02,RNG2/RNG2,RNG/RNG,
1580,14.01.2025,44,34,23,20,30,07,RNG2/RNG2,RNG/RNG,
1581,17.01.2025,04,40,11,27,39,08,RNG2/RNG2,RNG/RNG,
1582,21.01.2025,23,37,01,02,15,04,RNG2/RNG2,RNG/RNG,
1583,24.01.2025,43,24,49,12,15,18,RNG2/RNG2,RNG/RNG,
1584,28.01.2025,26,17,21,43,42,14,RNG2/RNG2,RNG/RNG,
1585,31.01.2025,36,27,03,47,40,15,RNG2/RNG2,RNG/RNG,
1586,04.02.2025,27,19,23,41,49,08,RNG3/RNG3,RNG/RNG,
1587,07.02.2025,42,34,07,30,49,01,RNG3/RNG3,RNG/RNG,
1588,11.02.2025,07,23,15,33,21,13,RNG3/RNG3,RNG/RNG,
1589,14.02.2025,44,25,02,37,08,18,RNG3/RNG3,RNG/RNG,
1590,18.02.2025,36,34,43,19,16,16,RNG2/RNG2,RNG/RNG,
1591,21.02.2025,17,42,02,03,15,05,RNG2/RNG2,RNG/RNG,
1592,25.02.2025,34,23,18,27,44,18,RNG2/RNG2,RNG/RNG,
1593,28.02.2025,20,19,11,44,21,06,RNG2/RNG2,RNG/RNG,
1594,04.03.2025,35,43,50,20,23,15,RNG2/RNG2,RNG/RNG,
1595,07.03.2025,28,13,16,46,12,03,RNG2/RNG2,RNG/RNG,
1596,11.03.2025,08,44,30,28,48,02,RNG2/RNG2,RNG/RNG,
1597,14.03.2025,32,38,07,46,45,02,RNG2/RNG2,RNG/RNG,
1598,18.03.2025,15,35,29,43,22,10,RNG2/RNG2,RNG/RNG,
1599,21.03.2025,50,24,32,16,09,19,RNG2/RNG2,RNG/RNG,
1600,25.03.2025,22,32,40,39,38,10,RNG2/RNG2,RNG/RNG,
1601,28.03.2025,01,13,14,06,35,03,RNG2/RNG2,RNG/RNG,
1602,01.04.2025,13,36,01,06,12,07,RNG2/RNG2,RNG/RNG,
1603,04.04.2025,35,36,20,38,08,02,RNG2/RNG2,RNG/RNG,
1604,08.04.2025,16,01,42,37,23,06,RNG2/RNG2,RNG/RNG,
1605,11.04.2025,05,22,48,14,12,18,RNG2/RNG2,RNG/RNG,
1606,15.04.2025,38,41,24,19,40,02,RNG2/RNG2,RNG/RNG,
1607,18.04.2025,22,33,17,45,15,12,RNG2/RNG2,RNG/RNG,
1608,22.04.2025,43,18,32,33,38,09,RNG2/RNG2,RNG/RNG,
1609,25.04.2025,13,47,46,05,09,11,RNG2/RNG2,RNG/RNG,
1610,29.04.2025,33,45,14,05,32,13,RNG2/RNG2,RNG/RNG,
1611,02.05.2025,47,02,37,06,17,09,RNG2/RNG2,RNG/RNG,
1612,06.05.2025,20,19,32,35,37,19,RNG2/RNG2,RNG/RNG,
1613,09.05.2025,14,06,38,05,50,10,RNG2/RNG2,RNG/RNG,
1614,13.05.2025,39,21,37,11,29,12,RNG2/RNG2,RNG/RNG,
1615,16.05.2025,20,09,28,39,16,19,RNG2/RNG2,RNG/RNG,
1616,20.05.2025,26,13,32,47,31,18,RNG2/RNG2,RNG/RNG,
1617,23.05.2025,18,17,27,49,01,15,RNG2/RNG2,RNG/RNG,
1618,27.05.2025,13,38,50,22,33,15,RNG2/RNG2,RNG/RNG,
1619,30.05.2025,43,46,10,34,13,01,RNG2/RNG2,RNG/RNG,
1621,03.06.2025,50,05,47,40,26,14,RNG/RNG,1,RNG/RNG,
1622,06.06.2025,34,24,44,41,09,02,RNG/RNG,1,RNG/RNG,
1623,10.06.2025,29,48,23,11,05,01,RNG/RNG,3,RNG/RNG,
1624,13.06.2025,34,21,01,47,46,12,RNG/RNG,1,RNG/RNG,
1625,17.06.2025,23,26,43,38,05,04,RNG/RNG,1,RNG/RNG,
1626,20.06.2025,29,42,25,22,23,08,RNG/RNG,3,RNG/RNG,
1627,24.06.2025,36,39,02,22,27,19,RNG/RNG,3,RNG/RNG,
1628,27.06.2025,41,47,11,23,32,17,RNG/RNG,3,RNG/RNG,
1629,01.07.2025,09,26,31,30,08,08,RNG/RNG/RNG,
1630,04.07.2025,30,22,15,16,32,07,RNG/RNG,3,RNG/RNG,
1631,08.07.2025,37,48,44,14,19,17,RNG/RNG,3,RNG/RNG,
1632,11.07.2025,08,07,15,20,01,15,RNG/RNG,1,RNG/RNG,
1633,15.07.2025,39,28,05,21,26,06,RNG/RNG,2,RNG/RNG,
1634,18.07.2025,15,41,31,10,26,05,RNG/RNG,3,RNG/RNG,
1635,22.07.2025,27,08,03,10,49,01,RNG/RNG,2,RNG/RNG,
1636,25.07.2025,29,35,42,39,03,05,RNG/RNG,2,RNG/RNG,
1637,29.07.2025,17,20,30,04,24,19,RNG/RNG,3,RNG/RNG,
1638,01.08.2025,40,05,31,34,33,13,RNG/RNG,3,RNG/RNG,
1639,05.08.2025,34,40,32,10,48,14,RNG/RNG,2,RNG/RNG,
1640,08.08.2025,48,26,13,41,39,18,RNG/RNG,2,RNG/RNG,
1641,12.08.2025,20,41,10,48,08,04,RNG/RNG,1,RNG/RNG,
1642,15.08.2025,04,19,11,33,32,12,RNG/RNG,1,RNG/RNG,
1643,19.08.2025,40,22,10,27,02,17,RNG/RNG,1,RNG/RNG,
1644,22.08.2025,27,04,50,37,10,18,RNG/RNG,2,RNG/RNG,
1645,26.08.2025,19,13,24,50,44,15,RNG/RNG,3,RNG/RNG,
1646,29.08.2025,14,12,29,50,45,15,RNG/RNG,3,RNG/RNG,
1647,02.09.2025,31,50,34,33,20,06,RNG/RNG,2,RNG/RNG,
1648,05.09.2025,22,33,38,30,35,20,RNG/RNG,1,RNG/RNG,
1649,09.09.2025,40,21,45,28,43,13,RNG/RNG,2,RNG/RNG,
1650,12.09.2025,23,37,17,25,26,18,RNG/RNG,1,RNG/RNG,
1651,16.09.2025,22,33,26,24,35,07,RNG/RNG,2,RNG/RNG,
1652,19.09.2025,24,16,41,47,02,19,RNG/RNG,3,RNG/RNG,
1653,23.09.2025,10,32,23,43,45,18,RNG/RNG,3,RNG/RNG,
1654,26.09.2025,19,03,24,40,13,12,RNG3/RNG3,RNG/RNG,
1655,30.09.2025,46,14,37,22,25,04,RNG2/RNG1,RNG/RNG,
1656,03.10.2025,14,41,44,33,12,10,RNG3/RNG1,RNG/RNG,
1657,07.10.2025,13,21,23,24,18,16,RNG3/RNG3,RNG/RNG,
1658,10.10.2025,06,40,50,10,44,11,RNG2/RNG1,RNG/RNG,
1659,14.10.2025,41,05,31,25,40,20,RNG2/RNG3,RNG/RNG,
1660,17.10.2025,32,27,18,29,45,16,RNG1/RNG2,RNG/RNG,
1661,21.10.2025,07,30,21,16,10,11,RNG3/RNG3,RNG/RNG,
1662,24.10.2025,15,24,44,32,18,20,RNG3/RNG1,RNG/RNG,
1663,28.10.2025,13,32,02,31,42,01,RNG2/RNG1,RNG/RNG,
1664,31.10.2025,49,25,24,19,30,06,RNG2/RNG3,RNG/RNG,
1665,04.11.2025,22,46,28,05,20,01,RNG1/RNG1,RNG/RNG,
1666,07.11.2025,40,07,41,49,33,10,RNG1/RNG2,RNG/RNG,
1667,11.11.2025,09,47,17,49,13,08,RNG1/RNG3,RNG/RNG,
1668,14.11.2025,48,36,28,16,32,13,RNG1/RNG2,RNG/RNG,
1669,18.11.2025,50,30,42,23,45,19,RNG2/RNG2,RNG/RNG,
1670,21.11.2025,39,50,28,01,49,06,RNG3/RNG3,RNG/RNG,
1671,25.11.2025,15,28,24,31,37,16,RNG2NA
1672,28.11.2025,29,28,03,34,17,01,RNG2NA
1673,02.12.2025,16,46,39,33,21,12,RNG1NA
1674,05.12.2025,20,46,27,35,12,09,RNG1NA
1675,09.12.2025,41,43,36,11,46,08,RNG3NA
1676,12.12.2025,30,50,17,18,42,03,RNG1NA
1677,16.12.2025,35,11,18,17,50,07,RNG2NA
1678,19.12.2025,15,11,02,30,16,15,RNG3NA
1679,23.12.2025,03,46,12,29,49,03,RNG3NA
1680,26.12.2025,35,18,48,46,20,02,RNG2NA
1681,30.12.2025,14,45,42,06,13,11,RNG3NA
1682,02.01.2026,17,38,18,35,39,09,RNG1NA
1683,06.01.2026,30,12,13,09,34,02,RNG3NA
1684,09.01.2026,42,35,20,50,11,07,RNG1NA
1685,13.01.2026,50,33,39,21,32,03,RNG1NA
1686,16.01.2026,39,36,08,22,47,20,RNG2NA
1687,20.01.2026,17,16,03,02,35,05,RNG3NA
1688,23.01.2026,24,16,31,29,04,15,RNG2NA
1689,27.01.2026,48,43,13,28,11,03,RNG1NA
1690,30.01.2026,31,33,19,39,26,02,RNG1NA
1691,03.02.2026,02,40,20,11,49,02,RNG1NA
1692,06.02.2026,21,13,31,28,06,05,RNG3NA
1693,10.02.2026,17,25,23,39,49,11,RNG1NA
1694,13.02.2026,26,23,10,04,37,20,RNG3NA
1695,17.02.2026,24,15,05,42,23,05,RNG1NA
1696,20.02.2026,28,25,19,35,17,17,RNG3NA
1697,24.02.2026,41,33,34,23,19,09,RNG1NA
1698,27.02.2026,24,14,32,11,43,02,RNG3NA
1699,03.03.2026,38,01,09,43,29,15,RNG1NA
1700,06.03.2026,10,18,50,11,15,11,RNG1NA
1701,10.03.2026,01,25,20,13,05,14,RNG2NA
1702,13.03.2026,27,50,01,45,03,17,RNG2NA
1703,17.03.2026,10,47,13,48,40,05,RNG1NA
1704,20.03.2026,11,17,41,05,08,02,RNG3NA
1705,24.03.2026,11,22,13,19,39,01,RNG1NA
1706,27.03.2026,12,25,28,06,36,15,RNG2NA
1707,31.03.2026,13,24,15,05,43,06,RNG3NA
1708,03.04.2026,41,25,29,01,14,18,RNG3NA
1709,07.04.2026,16,22,17,41,18,10,RNG3NA
1710,10.04.2026,38,36,27,40,48,17,RNG3NA
1711,14.04.2026,30,02,16,31,06,06,RNG2NA
1712,17.04.2026,43,26,39,45,17,02,RNG2NA
1713,21.04.2026,31,05,32,47,13,03,RNG2NA
1714,24.04.2026,16,24,19,25,41,20,RNG2NA
1715,28.04.2026,47,05,17,44,38,02,RNG2NA
1716,01.05.2026,27,29,35,17,15,12,RNG2NA
1717,05.05.2026,05,22,28,01,04,05,RNG1NA
1718,08.05.2026,32,01,43,48,40,09,RNG3NA
1719,12.05.2026,25,32,46,33,30,06,RNG3NA
1720,15.05.2026,20,38,39,29,24,11,RNG1NA
1721,19.05.2026,19,47,48,29,24,04,RNG2NA
1722,22.05.2026,06,08,25,16,22,18,RNG1NA
